symbol,date,open,high,low,close,volume,change,changePercent,vwap
AAPL,21-08-2026,312.05,312.38,307.01,309.35,46876815,-2.7,-0.86525,310.1975
AAPL,20-08-2026,317.46,320.28,310.65,311.3,40959200,-6.15,-1.94,314.9225
AAPL,19-08-2026,310.14,319.28,309.6,316.83,50505646,6.69,2.16,313.9625
AAPL,18-08-2026,307.58,311.49,305.74,310.03,53424535,2.45,0.79654,308.71
AAPL,17-08-2026,306.21,307.66,302.94,305.59,38169300,-0.62,-0.20248,305.6
AAPL,14-08-2026,306,307.49,304.3,305.93,28229400,-0.07,-0.02287582,305.93
AAPL,13-08-2026,304.21,306,302.05,305.26,40349300,1.05,0.34516,304.38
AAPL,12-08-2026,305.1,305.66,300.57,302.25,41657800,-2.85,-0.93412,303.395
AAPL,11-08-2026,307.75,309.97,302.79,304.91,37476746,-2.84,-0.92283,306.355
AAPL,10-08-2026,306.83,308.26,304.61,308.26,44812503,1.43,0.46606,306.99
AAPL,07-08-2026,311.45,314.81,310.74,313.33,34437200,1.88,0.60363,312.5825
AAPL,06-08-2026,314.34,316.29,309.23,312.41,46139901,-1.93,-0.61398,313.0675
AAPL,05-08-2026,309.36,311.71,305.67,311,49438800,1.64,0.53013,309.435
AAPL,04-08-2026,302.73,310.42,301.32,309.38,68001000,6.65,2.2,305.9625
AAPL,03-08-2026,309.58,311.8,302.56,303.42,75052000,-6.16,-1.99,306.84
AAPL,31-07-2026,304.81,310.69,300,308.91,132489137,4.1,1.35,306.1025
AAPL,30-07-2026,333.1,334.75,329.59,333.43,74817800,0.33,0.09906935,332.7175
AAPL,29-07-2026,339.73,344.57,337.35,338.19,56090840,-1.54,-0.4533,339.96
AAPL,28-07-2026,340.03,342.89,335.6,340.08,51859042,0.05,0.01470458,339.65
AAPL,27-07-2026,334.54,339.57,334.02,336.91,49604300,2.37,0.70844,336.26
AAPL,24-07-2026,321.79,334.37,321.62,333.02,47489415,11.23,3.49,327.7
AAPL,23-07-2026,321.73,323.3,319.35,321.66,40840800,-0.07,-0.02175737,321.51
AAPL,22-07-2026,327.87,329,323.34,325.89,38755929,-1.98,-0.6039,326.525
AAPL,21-07-2026,323.13,329.6,322.22,327.74,41338917,4.61,1.43,325.6725
AAPL,20-07-2026,333.51,333.71,323.68,326.59,53468008,-6.92,-2.07,329.3725
AAPL,17-07-2026,331.98,334.99,329,333.74,63407100,1.76,0.53015,332.4275
AAPL,16-07-2026,328.01,334.68,326.79,333.26,62970617,5.25,1.6,330.685
AAPL,15-07-2026,317.62,328.73,317.32,327.5,60957644,9.88,3.11,322.7925
AAPL,14-07-2026,313.76,316.19,311.91,314.86,36336829,1.1,0.35059,314.18
AAPL,13-07-2026,317.02,323.45,315.78,317.31,43257804,0.295,0.09147688,318.39
AAPL,10-07-2026,314.72,316.91,312.17,315.32,34132321,0.6,0.19065,314.78
AAPL,09-07-2026,310.51,316.53,308.16,316.22,48124500,5.71,1.84,312.855
AAPL,08-07-2026,311.91,314.82,307.05,313.39,41323500,1.48,0.4745,311.7925
AAPL,07-07-2026,315.29,315.48,310.15,310.66,42490002,-4.63,-1.47,312.895
AAPL,06-07-2026,307.36,314.2,307,312.66,53590000,5.3,1.72,310.305
AAPL,02-07-2026,294.12,309.42,293.68,308.63,75400626,14.51,4.93,301.4625
AAPL,01-07-2026,293.44,296.59,289.2,294.38,50164232,0.94,0.32034,293.4025
AAPL,30-06-2026,281.17,289.94,280.7,289.36,65100200,8.19,2.91,285.2925
AAPL,29-06-2026,286.73,288.37,279.85,281.74,66427002,-4.99,-1.74,284.1725
AAPL,26-06-2026,275,285.95,274.21,283.78,261775500,8.78,3.19,279.735
AAPL,25-06-2026,287.4,288.8,273.75,275.15,107253659,-12.25,-4.26,281.275
AAPL,24-06-2026,295.36,299.7,292.94,293.08,53081900,-2.28,-0.77194,295.27
AAPL,23-06-2026,297.54,301.64,294.18,294.3,52010929,-3.24,-1.09,296.915
AAPL,22-06-2026,297.31,302.42,296.76,297.01,44879914,-0.3,-0.1009,298.375
AAPL,18-06-2026,298.11,300.57,295.62,298.01,85962201,-0.1,-0.03354466,298.0775
AAPL,17-06-2026,300.85,302.07,294.36,295.95,42745100,-4.9,-1.63,298.3075
AAPL,16-06-2026,295.25,300.48,293.97,299.24,39874404,4,1.35,297.235
AAPL,15-06-2026,294.12,297.78,291.7,296.42,45732600,2.3,0.78199,295.005
AAPL,12-06-2026,296.03,297.14,289.62,291.13,38784789,-4.9,-1.66,293.48
AAPL,11-06-2026,293.72,297,289.59,295.63,42572500,1.91,0.65028,293.985
AAPL,10-06-2026,290.74,294.75,287.38,291.58,52793300,0.84,0.28892,291.1125
AAPL,09-06-2026,300.27,300.75,287.78,290.55,70108847,-9.72,-3.24,294.8375
AAPL,08-06-2026,308.74,317.4,301.17,301.54,77949100,-7.2,-2.33,307.2125
AAPL,05-06-2026,312.86,315.17,307.15,307.34,65310502,-5.52,-1.76,310.63
AAPL,04-06-2026,313.23,313.54,309.65,311.23,44869134,-2,-0.63851,311.9125
AAPL,03-06-2026,314.18,316.94,308.85,310.26,50836705,-3.92,-1.25,312.5575
AAPL,02-06-2026,307.46,315.45,306.69,315.2,44534716,7.74,2.52,311.2
AAPL,01-06-2026,309.63,310.94,305.02,306.31,48849933,-3.31,-1.07,307.975
AAPL,29-05-2026,311.77,315,309.53,312.06,70026800,0.285,0.09301729,312.09
AAPL,28-05-2026,310.68,312.8,309.57,312.51,48220400,1.83,0.58903,311.39
AAPL,27-05-2026,308.33,313.26,308.3,310.85,50430919,2.52,0.81731,310.185
AAPL,26-05-2026,309.56,311.82,307.67,308.33,48000500,-1.23,-0.39734,309.345
AAPL,22-05-2026,306.12,311.4,305.84,308.82,43670223,2.7,0.88201,308.045
AAPL,21-05-2026,301.06,305.54,300.4,304.99,42965126,3.94,1.31,302.9975
AAPL,20-05-2026,298.18,302.8,298.08,302.25,38229843,4.07,1.36,300.3275
AAPL,19-05-2026,296.97,300.51,296.35,298.97,42243600,2,0.67347,298.2
AAPL,18-05-2026,300.24,300.66,294.91,297.84,34483000,-2.4,-0.79936,298.4125
AAPL,15-05-2026,297.9,303.2,296.52,300.23,54862836,2.33,0.78214,299.4625
AAPL,14-05-2026,299.82,300.45,295.38,298.21,35324922,-1.61,-0.53699,298.465
AAPL,13-05-2026,293.5,300.92,293.5,298.87,52684300,5.37,1.83,296.6975
AAPL,12-05-2026,292.56,295.27,292.56,294.8,45748129,2.24,0.76565,293.7975
AAPL,11-05-2026,291.98,293.88,290.23,292.68,42247300,0.701,0.23974,292.1925
AAPL,08-05-2026,290.01,294.76,290,293.32,52692800,3.31,1.14,292.0225
AAPL,07-05-2026,289.27,292.13,285.78,287.44,45224300,-1.83,-0.63263,288.655
AAPL,06-05-2026,281.92,288.03,281.07,287.51,58336100,5.59,1.98,284.6325
AAPL,05-05-2026,276.93,284.57,276.5,284.18,49311712,7.25,2.62,280.545
AAPL,04-05-2026,279.65,280.63,274.86,276.83,46668401,-2.82,-1.01,277.9925
AAPL,01-05-2026,278.86,287.22,278.37,280.14,79915442,1.28,0.45901,281.1475
AAPL,30-04-2026,270.5,276,268.14,271.35,91848230,0.85,0.31423,271.4975
AAPL,29-04-2026,267.55,271.04,267.04,270.22,30047900,2.67,0.99794,268.9625
AAPL,28-04-2026,272.33,273.23,268.66,270.71,40018940,-1.62,-0.59487,271.2325
AAPL,27-04-2026,266.09,268.36,265.07,267.61,41466800,1.52,0.57124,266.7825
AAPL,24-04-2026,272.76,273.06,269.65,271.06,38157110,-1.69,-0.62326,271.6325
AAPL,23-04-2026,275.05,275.77,271.65,273.43,33399639,-1.62,-0.58898,273.975
AAPL,22-04-2026,267.82,273.74,266.87,273.17,43249204,5.35,2,270.4
AAPL,21-04-2026,271.5,272.8,265.4,266.17,50209800,-5.33,-1.96,268.9675
AAPL,20-04-2026,270.33,274.27,270.29,273.05,36590200,2.72,1.01,271.985
AAPL,17-04-2026,266.96,272.3,266.72,270.23,61436228,3.27,1.22,269.0525
AAPL,16-04-2026,266.8,267.16,261.27,263.4,43323112,-3.4,-1.27,264.6575
AAPL,15-04-2026,258.16,266.56,257.81,266.43,49913510,8.27,3.2,262.24
AAPL,14-04-2026,259.25,261.93,257.19,258.83,48370710,-0.415,-0.16201,259.3
AAPL,13-04-2026,259.73,260.18,256.66,259.2,36234700,-0.53,-0.20406,258.9425
AAPL,10-04-2026,259.98,262.19,259.02,260.48,31291500,0.5,0.19232,260.4175
AAPL,09-04-2026,259,261.12,256.07,260.49,28121600,1.49,0.57529,259.17
AAPL,08-04-2026,258.45,259.75,256.53,258.9,41032800,0.45,0.17411,258.4075
AAPL,07-04-2026,256.15,256.2,245.7,253.5,62148008,-2.65,-1.03,252.8875
AAPL,06-04-2026,256.51,262.16,256.46,258.86,29329911,2.35,0.91614,258.4975
AAPL,02-04-2026,254.2,256.13,250.65,255.92,31289400,1.72,0.67663,254.225
AAPL,01-04-2026,254.08,256.18,253.33,255.63,40059432,1.55,0.61004,254.805
AAPL,31-03-2026,247.91,255.48,247.1,253.79,49598100,5.88,2.37,251.07
AAPL,30-03-2026,250.07,250.87,245.51,246.63,39446213,-3.44,-1.38,248.27
AAPL,27-03-2026,253.9,255.49,248.07,248.8,47900000,-5.1,-2.01,251.565
AAPL,26-03-2026,252.12,257,250.77,252.89,41796700,0.775,0.30541,253.195
AAPL,25-03-2026,254.1,255,251.6,252.62,28476700,-1.47,-0.58245,253.33
AAPL,24-03-2026,250.35,254.83,249.55,251.64,45152300,1.29,0.51528,251.5925
AAPL,23-03-2026,253.97,254.6,250.28,251.49,40546109,-2.48,-0.97649,252.585
AAPL,20-03-2026,247.98,249.2,246,247.99,88331100,0.015,0.00403258,247.7925
AAPL,19-03-2026,249.4,251.83,247.3,248.96,34864100,-0.44,-0.17642,249.3725
AAPL,18-03-2026,252.63,254.94,249,249.94,35757900,-2.69,-1.06,251.6275
AAPL,17-03-2026,252.96,255.13,252.18,254.23,32361607,1.27,0.50206,253.625
AAPL,16-03-2026,252.11,253.89,249.88,252.82,32074209,0.715,0.28162,252.175
AAPL,13-03-2026,255.48,256.33,249.52,250.12,36930000,-5.36,-2.1,252.8625
AAPL,12-03-2026,258.66,258.95,254.18,255.76,40794020,-2.9,-1.12,256.8875
AAPL,11-03-2026,261.09,262.13,259.55,260.81,26218927,-0.28,-0.10724,260.895
AAPL,10-03-2026,257.65,262.48,256.95,260.83,30590800,3.19,1.23,259.4775
AAPL,09-03-2026,255.69,261.15,253.68,259.88,38218533,4.19,1.64,257.6
AAPL,06-03-2026,258.63,258.77,254.37,257.46,41120042,-1.17,-0.45238,257.3075
AAPL,05-03-2026,260.79,261.56,257.25,260.29,49658626,-0.5,-0.19173,259.9725
AAPL,04-03-2026,264.65,266.15,261.42,262.52,39803119,-2.13,-0.80484,263.685
AAPL,03-03-2026,263.48,265.56,260.13,263.75,38568921,0.27,0.10247,263.23
AAPL,02-03-2026,262.41,266.53,260.2,264.72,41827946,2.31,0.8803,263.465
AAPL,27-02-2026,272.81,272.81,262.89,264.18,72366505,-8.63,-3.16,268.1725
AAPL,26-02-2026,274.95,276.11,270.8,272.95,32345114,-2,-0.7274,273.7025
AAPL,25-02-2026,271.78,274.94,271.05,274.23,33714342,2.45,0.90146,273
AAPL,24-02-2026,267.86,274.89,267.71,272.14,47014619,4.28,1.6,270.65
AAPL,23-02-2026,263.49,269.43,263.38,266.18,37308200,2.69,1.02,265.62
AAPL,20-02-2026,258.97,264.75,258.16,264.58,42070500,5.61,2.17,261.615
AAPL,19-02-2026,262.6,264.48,260.05,260.58,30845300,-2.02,-0.76923,261.9275
AAPL,18-02-2026,263.6,266.82,262.45,264.35,34203337,0.75,0.28452,264.305
AAPL,17-02-2026,258.05,266.29,255.54,263.88,58469100,5.83,2.26,260.94
AAPL,13-02-2026,262.01,262.23,255.45,255.78,56290700,-6.23,-2.38,258.8675
AAPL,12-02-2026,275.59,275.72,260.18,261.73,81077229,-13.86,-5.03,268.305
AAPL,11-02-2026,274.7,280.18,274.45,275.5,51931300,0.805,0.29123,276.2075
AAPL,10-02-2026,274.89,275.37,272.94,273.68,34376900,-1.2,-0.44018,274.22
AAPL,09-02-2026,277.9,278.2,271.7,274.62,44623400,-3.28,-1.18,275.605
AAPL,06-02-2026,277.12,280.9,276.93,278.12,50453414,1,0.36085,278.2675
AAPL,05-02-2026,278.13,279.5,273.23,275.91,52977441,-2.22,-0.79819,276.6925
AAPL,04-02-2026,272.29,278.95,272.29,276.49,90545710,4.2,1.54,275.005
AAPL,03-02-2026,269.2,271.88,267.61,269.48,64394700,0.28,0.10401,269.5425
AAPL,02-02-2026,260.03,270.49,259.21,270.01,73913425,9.98,3.84,264.935
AAPL,30-01-2026,255.17,261.9,252.18,259.48,92443408,4.32,1.69,257.1825
AAPL,29-01-2026,258,259.65,254.41,258.28,67253009,0.28,0.10853,257.585
AAPL,28-01-2026,257.65,258.86,254.51,256.44,41288000,-1.21,-0.46963,256.865
AAPL,27-01-2026,259.17,261.95,258.21,258.27,49648300,-0.9,-0.34726,259.4
AAPL,26-01-2026,251.48,256.56,249.8,255.41,55969234,3.93,1.56,253.3125
AAPL,23-01-2026,247.32,249.41,244.68,248.04,41689000,0.72,0.29112,247.3625
AAPL,22-01-2026,249.2,251,248.15,248.35,39708340,-0.85,-0.34109,249.175
AAPL,21-01-2026,248.7,251.56,245.18,247.65,54641725,-1.05,-0.4222,248.2725
AAPL,20-01-2026,252.73,254.79,243.42,246.7,80267517,-6.03,-2.39,249.41
AAPL,16-01-2026,257.9,258.9,254.93,255.53,72142800,-2.37,-0.91896,256.815
AAPL,15-01-2026,260.65,261.04,257.05,258.21,39388600,-2.44,-0.93612,259.2375
AAPL,14-01-2026,259.49,261.82,256.71,259.96,40019421,0.47,0.18112,259.495
AAPL,13-01-2026,258.72,261.81,258.39,261.05,45730847,2.33,0.90059,259.9925
AAPL,12-01-2026,259.16,261.3,256.8,260.25,45263800,1.09,0.42059,259.3775
AAPL,09-01-2026,259.08,260.21,256.22,259.37,39997000,0.295,0.11193,258.72
AAPL,08-01-2026,257.02,259.29,255.7,259.04,50419337,2.02,0.78593,257.7625
AAPL,07-01-2026,263.2,263.68,259.81,260.33,48309804,-2.87,-1.09,261.755
AAPL,06-01-2026,267,267.55,262.12,262.36,52352100,-4.64,-1.74,264.7575
AAPL,05-01-2026,270.64,271.51,266.14,267.26,45647200,-3.38,-1.25,268.8875
AAPL,02-01-2026,272.26,277.84,269,271.01,37838100,-1.25,-0.45912,272.5275
AAPL,31-12-2025,273.06,273.68,271.75,271.86,27293639,-1.2,-0.43946,272.5875
AAPL,30-12-2025,272.81,274.08,272.28,273.08,22139617,0.27,0.09896998,273.0625
AAPL,29-12-2025,272.69,274.36,272.35,273.76,23715213,1.07,0.39239,273.29
AAPL,26-12-2025,274.16,275.37,272.86,273.4,21521802,-0.76,-0.27721,273.9475
AAPL,24-12-2025,272.34,275.43,272.2,273.81,17910600,1.47,0.53977,273.445
AAPL,23-12-2025,270.84,272.5,269.56,272.36,29642000,1.52,0.56122,271.315
AAPL,22-12-2025,272.86,273.88,270.51,270.97,36571827,-1.89,-0.69266,272.055
AAPL,19-12-2025,272.15,274.6,269.9,273.67,144632048,1.53,0.55852,272.58
AAPL,18-12-2025,273.61,273.63,266.95,272.19,51630721,-1.42,-0.51899,271.595
AAPL,17-12-2025,275.01,276.16,271.64,271.84,50138743,-3.17,-1.15,273.6625
AAPL,16-12-2025,272.82,275.5,271.79,274.61,37648628,1.79,0.65611,273.68
AAPL,15-12-2025,280.15,280.15,272.84,274.11,50409100,-6.04,-2.16,276.8125
AAPL,12-12-2025,277.9,279.22,276.82,278.28,39532900,0.38,0.13674,278.055
AAPL,11-12-2025,279.1,279.59,273.81,278.03,33248000,-1.07,-0.38338,277.6325
AAPL,10-12-2025,277.75,279.75,276.44,278.78,33038318,1.03,0.37084,278.18
AAPL,09-12-2025,278.16,280.03,276.92,277.18,32193300,-0.98,-0.35232,278.0725
AAPL,08-12-2025,278.13,279.67,276.15,277.89,38211832,-0.24,-0.08629058,277.96
AAPL,05-12-2025,280.54,281.14,278.05,278.78,47265845,-1.76,-0.62736,279.6275
AAPL,04-12-2025,284.1,284.73,278.59,280.7,43989100,-3.4,-1.2,282.03
AAPL,03-12-2025,286.2,288.62,283.3,284.15,43538700,-2.05,-0.71628,285.5675
AAPL,02-12-2025,283,287.4,282.63,286.19,53669532,3.19,1.13,284.805
AAPL,01-12-2025,278.01,283.42,276.14,283.1,46587722,5.09,1.83,280.1675
AAPL,28-11-2025,277.26,279,275.99,278.85,20135620,1.59,0.57347,277.775
AAPL,26-11-2025,276.96,279.53,276.63,277.55,33431423,0.59,0.21303,277.6675
AAPL,25-11-2025,275.27,280.38,275.25,276.97,46914220,1.7,0.61758,276.9675
AAPL,24-11-2025,270.9,277,270.9,275.92,65585800,5.02,1.85,273.68
AAPL,21-11-2025,265.95,273.33,265.67,271.49,59030832,5.54,2.08,269.11
AAPL,20-11-2025,270.83,275.43,265.92,266.25,45823600,-4.58,-1.69,269.6075
AAPL,19-11-2025,265.52,272.21,265.5,268.56,40424500,3.04,1.14,267.9475
AAPL,18-11-2025,269.99,270.71,265.32,267.44,45677300,-2.55,-0.94448,268.365
AAPL,17-11-2025,268.82,270.49,265.73,267.46,45018300,-1.36,-0.50591,268.125
AAPL,14-11-2025,271.05,275.96,269.6,272.41,47431331,1.36,0.50175,272.255
AAPL,13-11-2025,274.11,276.7,272.09,272.95,49602800,-1.16,-0.42319,273.9625
AAPL,12-11-2025,275,275.73,271.7,273.47,48398000,-1.53,-0.55636,273.975
AAPL,11-11-2025,269.81,275.91,269.8,275.25,46208318,5.44,2.02,272.6925
AAPL,10-11-2025,268.96,273.73,267.46,269.43,41312412,0.47,0.17475,269.895
AAPL,07-11-2025,269.8,272.29,266.77,268.47,48227400,-1.32,-0.49296,269.3325
AAPL,06-11-2025,267.89,273.4,267.89,269.77,51204045,1.88,0.70178,269.7375
AAPL,05-11-2025,268.61,271.7,266.93,270.14,43683100,1.53,0.5696,269.345
AAPL,04-11-2025,268.33,271.49,267.62,270.04,49274846,1.72,0.63727,269.37
AAPL,03-11-2025,270.42,270.85,266.25,269.05,50194600,-1.37,-0.50662,269.1425
AAPL,31-10-2025,276.99,277.32,269.16,270.37,86167123,-6.62,-2.39,273.46
AAPL,30-10-2025,271.99,274.14,268.48,271.4,69886534,-0.59,-0.21692,271.5025
AAPL,29-10-2025,269.27,271.41,267.11,269.7,51086742,0.425,0.15969,269.3725
AAPL,28-10-2025,268.99,269.89,268.15,269,41534800,0.015,0.00371761,269.0075
AAPL,27-10-2025,264.88,269.12,264.65,268.81,44888200,3.93,1.48,266.865
AAPL,24-10-2025,261.19,264.13,259.18,262.82,38253717,1.63,0.62407,261.83
AAPL,23-10-2025,259.94,260.62,258.01,259.58,32754941,-0.36,-0.13849,259.5375
AAPL,22-10-2025,262.65,262.85,255.43,258.45,45015300,-4.2,-1.6,259.845
AAPL,21-10-2025,261.88,265.29,261.83,262.77,46695948,0.89,0.33985,262.9425
AAPL,20-10-2025,255.89,264.38,255.63,262.24,90483029,6.36,2.48,259.535
AAPL,17-10-2025,248.02,253.38,247.27,252.29,49147000,4.27,1.72,250.24
AAPL,16-10-2025,248.25,249.04,245.13,247.45,39777000,-0.8,-0.32226,247.4675
AAPL,15-10-2025,249.49,251.82,247.47,249.34,33893611,-0.145,-0.06012265,249.53
AAPL,14-10-2025,246.6,248.85,244.7,247.77,35478000,1.17,0.47445,246.98
AAPL,13-10-2025,249.38,249.69,245.56,247.66,38142942,-1.72,-0.68971,248.0725
AAPL,10-10-2025,254.94,256.38,244,245.27,61999100,-9.67,-3.79,250.1475
AAPL,09-10-2025,257.81,258,253.14,254.04,38322012,-3.77,-1.46,255.7475
AAPL,08-10-2025,256.52,258.52,256.11,258.06,36496900,1.54,0.60034,257.3025
AAPL,07-10-2025,256.81,257.4,255.43,256.48,31955800,-0.325,-0.1285,256.53
AAPL,06-10-2025,257.99,259.07,255.05,256.69,44664118,-1.3,-0.5039,257.2
AAPL,03-10-2025,254.67,259.24,253.95,258.02,49155614,3.35,1.32,256.47
AAPL,02-10-2025,256.58,258.18,254.15,257.13,42630239,0.555,0.21436,256.51
AAPL,01-10-2025,255.04,258.79,254.93,255.45,48713940,0.41,0.16076,256.0525
AAPL,30-09-2025,254.86,255.92,253.11,254.63,37704300,-0.225,-0.09024563,254.63
AAPL,29-09-2025,254.56,255,253.01,254.43,40127700,-0.13,-0.05106851,254.25
AAPL,26-09-2025,254.1,257.6,253.78,255.46,46076300,1.37,0.53522,255.235
AAPL,25-09-2025,253.21,257.17,251.71,256.87,55202100,3.66,1.45,254.74
AAPL,24-09-2025,255.22,255.74,251.04,252.31,42303710,-2.91,-1.14,253.5775
AAPL,23-09-2025,255.88,257.34,253.58,254.43,60275200,-1.44,-0.56667,255.3075
AAPL,22-09-2025,248.3,256.64,248.12,256.08,105517416,7.78,3.13,252.285
AAPL,19-09-2025,241.23,246.3,240.21,245.5,163741314,4.28,1.77,243.31
AAPL,18-09-2025,239.97,241.2,236.65,237.88,44249600,-2.09,-0.87094,238.925
AAPL,17-09-2025,238.97,240.1,237.73,238.99,46508017,0.02,0.00836925,238.9475
AAPL,16-09-2025,237.18,241.22,236.32,238.15,63421100,0.975,0.40897,238.2175
AAPL,15-09-2025,237,238.19,235.03,236.7,42699524,-0.3,-0.12658,236.73
AAPL,12-09-2025,229.22,234.51,229.02,234.07,55824216,4.85,2.12,231.705
AAPL,11-09-2025,226.88,230.45,226.65,230.03,50208600,3.16,1.39,228.5025
AAPL,10-09-2025,232.19,232.42,225.95,226.79,83440810,-5.4,-2.33,229.3375
AAPL,09-09-2025,237,238.78,233.36,234.35,66313918,-2.65,-1.12,235.8725
AAPL,08-09-2025,239.3,240.15,236.34,237.88,48999500,-1.42,-0.5934,238.4175
AAPL,05-09-2025,240,241.32,238.49,239.69,54870400,-0.305,-0.12917,239.875
AAPL,04-09-2025,238.45,239.9,236.74,239.78,47549429,1.33,0.55777,238.7175
AAPL,03-09-2025,237.21,238.85,234.36,238.47,66427835,1.26,0.53117,237.2225
AAPL,02-09-2025,229.25,230.85,226.97,229.72,44075638,0.47,0.20502,229.1975
AAPL,29-08-2025,232.51,233.38,231.37,232.14,39418437,-0.37,-0.15913,232.35
AAPL,28-08-2025,230.82,233.41,229.34,232.56,38074700,1.74,0.75383,231.5325
AAPL,27-08-2025,228.61,230.9,228.26,230.49,31259513,1.88,0.82236,229.565
AAPL,26-08-2025,226.87,229.49,224.69,229.31,54575107,2.44,1.08,227.59
AAPL,25-08-2025,226.48,229.3,226.23,227.16,30983133,0.68,0.30025,227.2925
AAPL,22-08-2025,226.17,229.09,225.41,227.76,42477811,1.59,0.70301,227.1075
AAPL,21-08-2025,226.27,226.52,223.78,224.9,30621249,-1.37,-0.60547,225.3675
AAPL,20-08-2025,229.98,230.47,225.77,226.01,42263900,-3.97,-1.73,228.0575
AAPL,19-08-2025,231.28,232.87,229.35,230.56,39402600,-0.715,-0.31131,231.015
AAPL,18-08-2025,231.7,233.12,230.11,230.89,37476200,-0.81,-0.34959,231.455
AAPL,15-08-2025,234,234.28,229.34,231.59,56038700,-2.41,-1.03,232.3025
AAPL,14-08-2025,234.06,235.12,230.85,232.78,51916300,-1.28,-0.54687,233.2025
AAPL,13-08-2025,231.07,235,230.43,233.33,69878546,2.26,0.97806,232.4575
AAPL,12-08-2025,228.01,230.8,227.07,229.65,55672301,1.65,0.71927,228.8825
AAPL,11-08-2025,227.92,229.56,224.76,227.18,61806132,-0.74,-0.32468,227.355
AAPL,08-08-2025,220.83,231,219.25,229.35,113854000,8.52,3.86,225.1075
AAPL,07-08-2025,218.88,220.85,216.58,220.03,90224834,1.16,0.5254,219.085
AAPL,06-08-2025,205.63,215.38,205.59,213.25,108483103,7.62,3.71,209.9625
AAPL,05-08-2025,203.4,205.34,202.16,202.92,44155100,-0.48,-0.23599,203.455
AAPL,04-08-2025,204.51,207.88,201.68,203.35,75109300,-1.16,-0.56721,204.355
AAPL,01-08-2025,210.87,213.58,201.5,202.38,104434500,-8.49,-4.03,207.0825
AAPL,31-07-2025,208.49,209.84,207.16,207.57,80698431,-0.92,-0.44127,208.265
AAPL,30-07-2025,211.9,212.39,207.72,209.05,45512514,-2.84,-1.34,210.265
AAPL,29-07-2025,214.18,214.81,210.82,211.27,51411723,-2.91,-1.36,212.77
AAPL,28-07-2025,214.03,214.85,213.06,214.05,37858017,0.02,0.00934448,213.9975
AAPL,25-07-2025,214.7,215.24,213.4,213.88,40268800,-0.82,-0.38193,214.305
AAPL,24-07-2025,213.9,215.69,213.53,213.76,46022620,-0.14,-0.06545115,214.22
AAPL,23-07-2025,215,215.15,212.41,214.15,46989301,-0.85,-0.39535,214.1775
AAPL,22-07-2025,213.14,214.95,212.23,214.4,46404100,1.26,0.59116,213.68
AAPL,21-07-2025,212.1,215.78,211.63,212.48,51377434,0.38,0.17916,212.9975
AAPL,18-07-2025,210.87,211.79,209.7,211.18,48974600,0.31,0.14701,210.885
AAPL,17-07-2025,210.57,211.8,209.59,210.02,48068141,-0.55,-0.2612,210.495
AAPL,16-07-2025,210.3,212.4,208.64,210.16,47490532,-0.135,-0.06657156,210.375
AAPL,15-07-2025,209.22,211.89,208.92,209.11,42296339,-0.11,-0.05257624,209.785
AAPL,14-07-2025,209.93,210.91,207.54,208.62,38840111,-1.31,-0.62402,209.25
AAPL,11-07-2025,210.57,212.13,209.86,211.16,39765812,0.595,0.28019,210.93
AAPL,10-07-2025,210.51,213.48,210.03,212.41,44443635,1.91,0.90257,211.6075
AAPL,09-07-2025,209.53,211.33,207.22,211.14,48749400,1.61,0.76839,209.805
AAPL,08-07-2025,210.1,211.43,208.45,210.01,42848928,-0.09,-0.04283674,209.9975
AAPL,07-07-2025,212.68,216.23,208.8,209.95,50229000,-2.73,-1.28,211.915
AAPL,03-07-2025,212.15,214.65,211.81,213.55,34955836,1.41,0.65991,213.04
AAPL,02-07-2025,208.91,213.34,208.14,212.44,67941811,3.53,1.69,210.7075
AAPL,01-07-2025,206.67,210.19,206.14,207.82,78788900,1.16,0.55644,207.705
AAPL,30-06-2025,202.01,207.39,199.26,205.17,91912816,3.16,1.56,203.4575
AAPL,27-06-2025,201.89,203.22,200,201.08,73188600,-0.81,-0.40121,201.5475
AAPL,26-06-2025,201.43,202.64,199.46,201,50799121,-0.43,-0.21347,201.1325
AAPL,25-06-2025,201.45,203.67,200.62,201.56,39525730,0.11,0.05460412,201.825
AAPL,24-06-2025,202.59,203.44,200.2,200.3,54064033,-2.29,-1.13,201.6325
AAPL,23-06-2025,201.63,202.3,198.96,201.5,55814300,-0.125,-0.06447453,201.0975
AAPL,20-06-2025,198.24,201.7,196.86,201,96813542,2.76,1.39,199.45
AAPL,18-06-2025,195.94,197.57,195.07,196.58,45394700,0.64,0.32663,196.29
AAPL,17-06-2025,197.2,198.39,195.21,195.64,38856200,-1.56,-0.79108,196.61
AAPL,16-06-2025,197.3,198.69,196.56,198.42,43020700,1.12,0.56766,197.7425
AAPL,13-06-2025,199.73,200.37,195.7,196.45,51447349,-3.28,-1.64,198.0625
AAPL,12-06-2025,199.08,199.68,197.36,199.2,43904635,0.12,0.06027728,198.83
AAPL,11-06-2025,203.5,204.5,198.41,198.78,60989900,-4.72,-2.32,201.2975
AAPL,10-06-2025,200.6,204.35,200.57,202.67,54672608,2.07,1.03,202.0475
AAPL,09-06-2025,204.39,206,200.02,201.45,72862600,-2.94,-1.44,202.965
AAPL,06-06-2025,203,205.7,202.05,203.92,46607700,0.92,0.4532,203.6675
AAPL,05-06-2025,203.5,204.75,200.15,200.63,55221235,-2.87,-1.41,202.2575
AAPL,04-06-2025,202.91,206.24,202.1,202.82,43604000,-0.09,-0.04435464,203.5175
AAPL,03-06-2025,201.35,203.77,200.96,203.27,46381600,1.92,0.95356,202.3375
AAPL,02-06-2025,200.28,202.13,200.12,201.7,35423300,1.42,0.70901,201.0575
AAPL,30-05-2025,199.37,201.96,196.78,200.85,70819942,1.48,0.74234,199.74
AAPL,29-05-2025,203.58,203.81,198.51,199.95,51477938,-3.62,-1.78,201.4625
AAPL,28-05-2025,200.59,202.73,199.9,200.42,45339700,-0.17,-0.08474999,200.91
AAPL,27-05-2025,198.3,200.74,197.43,200.21,56288500,1.91,0.96319,199.17
AAPL,23-05-2025,193.67,197.7,193.46,195.27,78432918,1.61,0.82615,195.025
AAPL,22-05-2025,200.71,202.75,199.7,201.36,46742407,0.65,0.32385,201.13
AAPL,21-05-2025,205.17,207.04,200.71,202.09,59211800,-3.08,-1.5,203.7525
AAPL,20-05-2025,207.67,208.47,205.03,206.86,42496635,-0.81,-0.39004,207.0075
AAPL,19-05-2025,207.91,209.48,204.26,208.78,46140527,0.87,0.41845,207.6075
AAPL,16-05-2025,212.36,212.57,209.77,211.26,54737900,-1.1,-0.51799,211.49
AAPL,15-05-2025,210.95,212.96,209.54,211.45,45029500,0.5,0.23702,211.225
AAPL,14-05-2025,212.43,213.94,210.58,212.33,49325825,-0.1,-0.04707433,212.32
AAPL,13-05-2025,210.43,213.4,209,212.93,51909332,2.5,1.19,211.44
AAPL,12-05-2025,210.97,211.27,206.75,210.79,63775814,-0.18,-0.08532019,209.945
AAPL,09-05-2025,199,200.54,197.54,198.53,36453923,-0.47,-0.23618,198.9025
AAPL,08-05-2025,197.72,200.05,194.68,197.49,50478900,-0.23,-0.11633,197.485
AAPL,07-05-2025,199.17,199.44,193.25,196.25,68616943,-2.92,-1.47,197.0275
AAPL,06-05-2025,198.21,200.65,197.02,198.51,51216500,0.3,0.15135,198.5975
AAPL,05-05-2025,203.1,204.1,198.21,198.89,69018500,-4.21,-2.07,201.075
AAPL,02-05-2025,206.09,206.99,202.16,205.35,101010621,-0.74,-0.35907,205.1475
AAPL,01-05-2025,209.08,214.56,208.9,213.32,57365700,4.24,2.03,211.465
AAPL,30-04-2025,209.3,213.58,206.67,212.5,52286500,3.2,1.53,210.5125
AAPL,29-04-2025,208.69,212.24,208.37,211.21,36827633,2.52,1.21,210.1275
AAPL,28-04-2025,210,211.5,207.46,210.14,38743100,0.14,0.06666667,209.775
AAPL,25-04-2025,206.37,209.75,206.2,209.28,38222300,2.91,1.41,207.9
AAPL,24-04-2025,204.89,208.83,202.94,208.37,47311000,3.48,1.7,206.2575
AAPL,23-04-2025,206,208,202.8,204.6,52929200,-1.4,-0.67961,205.35
AAPL,22-04-2025,196.12,201.59,195.97,199.74,52976400,3.62,1.85,198.355
AAPL,21-04-2025,193.27,193.8,189.81,193.16,46742537,-0.105,-0.0569152,192.51
AAPL,17-04-2025,197.2,198.83,194.42,196.98,52164700,-0.22,-0.11156,196.8575
AAPL,16-04-2025,198.36,200.7,192.37,194.27,59732423,-4.09,-2.06,196.425
AAPL,15-04-2025,201.86,203.51,199.8,202.14,51343900,0.285,0.13871,201.8275
AAPL,14-04-2025,211.44,212.94,201.16,202.52,101352911,-8.92,-4.22,207.015
AAPL,11-04-2025,186.1,199.54,186.06,198.15,87435915,12.05,6.48,192.4625
AAPL,10-04-2025,189.07,194.78,183,190.42,121880000,1.35,0.71402,189.3175
AAPL,09-04-2025,171.95,200.61,171.89,198.85,184395900,26.9,15.64,185.825
AAPL,08-04-2025,186.7,190.34,169.21,172.42,120859500,-14.28,-7.65,179.6675
AAPL,07-04-2025,177.2,194.15,174.62,181.46,160466300,4.26,2.4,181.8575
AAPL,04-04-2025,193.89,199.88,187.34,188.38,125910913,-5.51,-2.84,192.3725
AAPL,03-04-2025,205.54,207.49,201.25,203.19,103419006,-2.35,-1.14,204.3675
AAPL,02-04-2025,221.32,225.19,221.02,223.89,35905904,2.57,1.16,222.855
AAPL,01-04-2025,219.81,223.68,218.9,223.19,36412740,3.38,1.54,221.395
AAPL,31-03-2025,217.01,225.62,216.23,222.13,65299321,5.13,2.36,220.2475
AAPL,28-03-2025,221.67,223.81,217.68,217.9,39818617,-3.77,-1.7,220.265
AAPL,27-03-2025,221.39,224.99,220.56,223.85,37094800,2.46,1.11,222.6975
AAPL,26-03-2025,223.51,225.02,220.47,221.53,34532656,-1.98,-0.88587,222.6325
AAPL,25-03-2025,220.77,224.1,220.08,223.75,34493600,2.98,1.35,222.175
AAPL,24-03-2025,221,221.48,218.58,220.73,44299500,-0.27,-0.12217,220.4475
AAPL,21-03-2025,211.56,218.84,211.28,218.27,94127800,6.71,3.17,214.9875
AAPL,20-03-2025,213.99,217.49,212.22,214.1,48862947,0.11,0.05140427,214.45
AAPL,19-03-2025,214.22,218.76,213.75,215.24,54385400,1.02,0.47615,215.4925
AAPL,18-03-2025,214.16,215.15,211.49,212.69,42432426,-1.47,-0.6864,213.3725
AAPL,17-03-2025,213.31,215.22,209.97,214,48073426,0.69,0.32347,213.125
AAPL,14-03-2025,211.25,213.95,209.58,213.49,60107600,2.24,1.06,212.0675
AAPL,13-03-2025,215.95,216.84,208.42,209.68,61368330,-6.27,-2.9,212.7225
AAPL,12-03-2025,220.14,221.75,214.91,216.98,62547500,-3.16,-1.44,218.445
AAPL,11-03-2025,223.81,225.84,217.45,220.84,76137410,-2.97,-1.33,221.985
AAPL,10-03-2025,235.54,236.16,224.22,227.48,72071200,-8.06,-3.42,230.85
AAPL,07-03-2025,235.11,241.37,234.76,239.07,46273600,3.97,1.68,237.5775
AAPL,06-03-2025,234.44,237.86,233.16,235.33,45170419,0.895,0.37963,235.1975
AAPL,05-03-2025,235.42,236.55,229.23,235.74,47227643,0.32,0.13593,234.235
AAPL,04-03-2025,237.71,240.07,234.68,235.93,53798100,-1.78,-0.74881,237.0975
AAPL,03-03-2025,241.79,244.03,236.11,238.03,47184000,-3.76,-1.56,239.99
AAPL,28-02-2025,236.95,242.09,230.2,241.84,56833400,4.89,2.06,237.77
AAPL,27-02-2025,239.41,242.46,237.06,237.3,41153639,-2.11,-0.88133,239.0575
AAPL,26-02-2025,244.33,244.98,239.13,240.36,44433600,-3.97,-1.62,242.2
AAPL,25-02-2025,248,250,244.91,247.04,48013300,-0.96,-0.3871,247.4875
AAPL,24-02-2025,244.93,248.86,244.42,247.1,51326400,2.17,0.88597,246.3275
AAPL,21-02-2025,245.95,248.69,245.22,245.55,53197431,-0.4,-0.16263,246.3525
AAPL,20-02-2025,244.94,246.78,244.29,245.83,32316907,0.89,0.36335,245.46
AAPL,19-02-2025,244.66,246.01,243.16,244.87,32204215,0.21,0.0858334,244.675
AAPL,18-02-2025,244.15,245.18,241.84,244.47,48822500,0.32,0.13107,243.91
AAPL,14-02-2025,241.25,245.55,240.99,244.6,40896227,3.35,1.39,243.0975
AAPL,13-02-2025,236.91,242.34,235.57,241.53,53614100,4.62,1.95,239.0875
AAPL,12-02-2025,231.2,236.96,230.68,236.87,45243300,5.67,2.45,233.9275
AAPL,11-02-2025,228.2,235.23,228.13,232.62,53718400,4.42,1.94,231.045
AAPL,10-02-2025,229.57,230.59,227.2,227.65,33115645,-1.92,-0.83635,228.7525
AAPL,07-02-2025,232.6,234,227.26,227.63,39707224,-4.97,-2.14,230.3725
AAPL,06-02-2025,231.29,233.8,230.43,233.22,29925349,1.94,0.83445,232.185
AAPL,05-02-2025,228.53,232.67,228.27,232.47,39664989,3.94,1.72,230.485
AAPL,04-02-2025,227.25,233.13,226.65,232.8,45067301,5.55,2.44,229.9575
AAPL,03-02-2025,229.99,231.83,225.7,228.01,73063301,-1.98,-0.86091,228.8825
AAPL,31-01-2025,247.19,247.19,233.44,236,101075128,-11.19,-4.53,240.955
AAPL,30-01-2025,238.67,240.79,237.21,237.59,55658300,-1.07,-0.45251,238.565
AAPL,29-01-2025,234.12,239.86,234.01,239.36,45486100,5.24,2.24,236.8375
AAPL,28-01-2025,230.85,240.19,230.81,238.26,75707600,7.41,3.21,235.0275
AAPL,27-01-2025,224.02,232.15,223.98,229.86,94863418,5.84,2.61,227.5025
AAPL,24-01-2025,224.78,225.63,221.41,222.78,54697907,-2,-0.88976,223.65
AAPL,23-01-2025,224.74,227.03,222.3,223.66,60234800,-1.08,-0.48056,224.4325
AAPL,22-01-2025,219.79,224.12,219.79,223.83,64126500,4.04,1.84,221.8825
AAPL,21-01-2025,224,224.42,219.38,222.64,98070429,-1.36,-0.60714,222.61
AAPL,17-01-2025,232.12,232.29,228.48,229.98,68488301,-2.14,-0.92194,230.7175
AAPL,16-01-2025,237.35,238.01,228.03,228.26,71759100,-9.09,-3.83,232.9125
AAPL,15-01-2025,234.64,238.96,234.43,237.87,39832000,3.24,1.38,236.475
AAPL,14-01-2025,234.75,236.12,232.47,233.28,39435300,-1.47,-0.6262,234.155
AAPL,13-01-2025,233.53,234.67,229.72,234.4,49630725,0.87,0.37254,233.08
AAPL,10-01-2025,240.01,240.16,233,236.85,61710900,-3.16,-1.32,237.505
AAPL,08-01-2025,241.92,243.71,240.05,242.7,37628940,0.78,0.32242,242.095
AAPL,07-01-2025,242.98,245.55,241.35,242.21,40856000,-0.77,-0.3169,243.0225
AAPL,06-01-2025,244.31,247.33,243.2,245,45045600,0.69,0.28243,244.96
AAPL,03-01-2025,243.36,244.18,241.89,243.36,40244114,0,0,243.1975
AAPL,02-01-2025,248.93,249.1,241.82,243.85,55740731,-5.08,-2.04,245.925
AAPL,31-12-2024,252.44,253.28,249.43,250.42,39480718,-2.02,-0.80019,251.3925
AAPL,30-12-2024,252.23,253.5,250.75,252.2,35557542,-0.03,-0.01189391,252.17
AAPL,27-12-2024,257.83,258.7,253.06,255.59,42355321,-2.24,-0.86879,256.295
AAPL,26-12-2024,258.19,260.1,257.63,259.02,27262983,0.83,0.32147,258.735
AAPL,24-12-2024,255.49,258.21,255.29,258.2,23234705,2.71,1.06,256.7975
AAPL,23-12-2024,254.77,255.65,253.45,255.27,40858800,0.5,0.19626,254.785
AAPL,20-12-2024,248.04,255,245.69,254.49,147495300,6.45,2.6,250.805
AAPL,19-12-2024,247.5,252,247.09,249.79,60882300,2.29,0.92525,249.095
AAPL,18-12-2024,252.16,254.28,247.74,248.05,56774101,-4.11,-1.63,250.5575
AAPL,17-12-2024,250.08,253.83,249.78,253.48,51356400,3.4,1.36,251.7925
AAPL,16-12-2024,247.99,251.38,247.65,251.04,51694800,3.05,1.23,249.515
AAPL,13-12-2024,247.82,249.29,246.24,248.13,33155300,0.315,0.12509,247.87
AAPL,12-12-2024,246.89,248.74,245.68,247.96,32777532,1.07,0.43339,247.3175
AAPL,11-12-2024,247.96,250.8,246.26,246.49,45205814,-1.47,-0.59284,247.8775
AAPL,10-12-2024,246.89,248.21,245.34,247.77,36914806,0.88,0.35643,247.0525
AAPL,09-12-2024,241.83,247.24,241.75,246.75,44649232,4.92,2.03,244.3925
AAPL,06-12-2024,242.91,244.63,242.08,242.84,36870619,-0.065,-0.02881726,243.115
AAPL,05-12-2024,243.99,244.54,242.13,243.04,40033900,-0.95,-0.38936,243.425
AAPL,04-12-2024,242.87,244.11,241.25,243.01,44383935,0.14,0.05764401,242.81
AAPL,03-12-2024,239.81,242.76,238.9,242.65,38861017,2.84,1.18,241.03
AAPL,02-12-2024,237.27,240.79,237.16,239.59,48137103,2.32,0.97779,238.7025
AAPL,29-11-2024,234.81,237.81,233.97,237.33,28481400,2.53,1.07,235.98
AAPL,27-11-2024,234.47,235.69,233.81,234.93,33498439,0.465,0.19619,234.725
AAPL,26-11-2024,233.33,235.57,233.33,235.06,45986200,1.73,0.74144,234.3225
AAPL,25-11-2024,231.46,233.25,229.74,232.87,90152832,1.41,0.60918,231.83
AAPL,22-11-2024,228.06,230.72,228.06,229.87,38168300,1.81,0.79365,229.1775
AAPL,21-11-2024,228.88,230.16,225.71,228.52,42108327,-0.36,-0.15729,228.3175
AAPL,20-11-2024,228.06,229.93,225.89,229,35169600,0.94,0.41217,228.22
AAPL,19-11-2024,226.98,230.16,226.66,228.28,36211800,1.3,0.57274,228.02
AAPL,18-11-2024,225.25,229.74,225.17,228.02,44686020,2.77,1.23,227.045
AAPL,15-11-2024,226.4,226.92,224.27,225,47923700,-1.4,-0.61837,225.6475
AAPL,14-11-2024,225.02,228.87,225,228.22,44923941,3.2,1.42,226.7775
AAPL,13-11-2024,224.01,226.65,222.76,225.12,48566217,1.11,0.49551,224.635
AAPL,12-11-2024,224.55,225.59,223.36,224.23,40398300,-0.32,-0.14251,224.4325
AAPL,11-11-2024,225,225.7,221.5,224.23,42005602,-0.77,-0.34222,224.1075
AAPL,08-11-2024,227.17,228.66,226.41,226.96,38328824,-0.21,-0.09244178,227.3
AAPL,07-11-2024,224.63,227.88,224.57,227.48,42137700,2.85,1.27,226.14
AAPL,06-11-2024,222.61,226.07,221.19,222.72,54561121,0.11,0.04941377,223.1475
AAPL,05-11-2024,221.8,223.95,221.14,223.45,28111338,1.66,0.74391,222.585
AAPL,04-11-2024,220.99,222.79,219.71,222.01,44944500,1.02,0.46156,221.375
AAPL,01-11-2024,220.97,225.35,220.27,222.91,65276741,1.94,0.87795,222.375
AAPL,31-10-2024,229.34,229.83,225.37,225.91,64370100,-3.43,-1.5,227.6125
AAPL,30-10-2024,232.61,233.47,229.55,230.1,47070907,-2.51,-1.08,231.4325
AAPL,29-10-2024,233.1,234.33,232.32,233.67,35417247,0.57,0.24453,233.355
AAPL,28-10-2024,233.32,234.73,232.55,233.4,36087134,0.08,0.03428767,233.5
AAPL,25-10-2024,229.74,233.22,229.57,231.41,38802304,1.67,0.72691,230.985
AAPL,24-10-2024,229.98,230.82,228.41,230.57,31109503,0.59,0.25654,229.945
AAPL,23-10-2024,234.08,235.14,227.76,230.76,52287000,-3.32,-1.42,231.935
AAPL,22-10-2024,233.89,236.22,232.6,235.86,38846600,1.98,0.84228,234.6425
AAPL,21-10-2024,234.45,236.85,234.45,236.48,36254500,2.03,0.86586,235.5575
AAPL,18-10-2024,236.18,236.18,234.01,235,46431500,-1.18,-0.49962,235.3425
AAPL,17-10-2024,233.43,233.85,230.52,232.15,32993810,-1.28,-0.54834,232.4875
AAPL,16-10-2024,231.6,232.12,229.84,231.78,34082240,0.18,0.07772021,231.335
AAPL,15-10-2024,233.61,237.49,232.37,233.85,64751400,0.24,0.10274,234.33
AAPL,14-10-2024,228.7,231.73,228.6,231.3,39882100,2.6,1.14,230.0825
AAPL,11-10-2024,229.3,229.41,227.34,227.55,31759200,-1.75,-0.76319,228.4
AAPL,10-10-2024,227.78,229.5,227.17,229.04,28183544,1.26,0.55317,228.3725
AAPL,09-10-2024,225.23,229.75,224.83,229.54,33591100,4.31,1.91,227.3375
AAPL,08-10-2024,224.3,225.98,223.25,225.77,31855700,1.47,0.65537,224.825
AAPL,07-10-2024,224.5,225.69,221.33,221.69,39505400,-2.81,-1.25,223.3025
AAPL,04-10-2024,227.9,228,224.13,226.8,37345098,-1.1,-0.48267,226.7075
AAPL,03-10-2024,225.14,226.81,223.32,225.67,34044200,0.53,0.23541,225.235
AAPL,02-10-2024,225.89,227.37,223.02,226.78,32880605,0.89,0.394,225.765
AAPL,01-10-2024,229.52,229.65,223.74,226.21,63285048,-3.31,-1.44,227.28
AAPL,30-09-2024,230.04,233,229.65,233,54793391,2.96,1.29,231.4225
AAPL,27-09-2024,228.46,229.52,227.3,227.79,34026000,-0.67,-0.29327,228.2675
AAPL,26-09-2024,227.3,228.5,225.41,227.52,36636707,0.22,0.09678839,227.1825
AAPL,25-09-2024,224.93,227.29,224.02,226.37,42308715,1.44,0.6402,225.6525
AAPL,24-09-2024,228.65,229.35,225.73,227.37,43556100,-1.28,-0.55981,227.775
AAPL,23-09-2024,227.34,229.45,225.81,226.47,54146023,-0.87,-0.38269,227.2675
AAPL,20-09-2024,229.97,233.09,227.62,228.2,318679900,-1.77,-0.76967,229.72
AAPL,19-09-2024,224.99,229.82,224.63,228.87,66781315,3.88,1.72,227.0775
AAPL,18-09-2024,217.55,222.71,217.54,220.69,59894928,3.14,1.44,219.6225
AAPL,17-09-2024,215.75,216.9,214.5,216.79,45519339,1.04,0.48204,215.985
AAPL,16-09-2024,216.54,217.22,213.92,216.32,59357427,-0.22,-0.1016,216
AAPL,13-09-2024,223.58,224.04,221.91,222.5,36766619,-1.08,-0.48305,223.0075
AAPL,12-09-2024,222.5,223.55,219.82,222.77,37498225,0.27,0.12135,222.16
AAPL,11-09-2024,221.46,223.09,217.89,222.66,44587100,1.2,0.54186,221.275
AAPL,10-09-2024,218.92,221.48,216.73,220.11,51591033,1.19,0.54358,219.31
AAPL,09-09-2024,220.82,221.27,216.71,220.91,67180000,0.09,0.04075718,219.9275
AAPL,06-09-2024,223.95,225.24,219.77,220.82,48423011,-3.13,-1.4,222.445
AAPL,05-09-2024,221.63,225.48,221.52,222.38,36615400,0.755,0.3384,222.7525
AAPL,04-09-2024,221.66,221.78,217.48,220.85,43840200,-0.81,-0.36542,220.4425
AAPL,03-09-2024,228.55,229,221.17,222.77,50190600,-5.78,-2.53,225.3725
AAPL,30-08-2024,230.19,230.4,227.48,229,52990800,-1.19,-0.51696,229.2675
AAPL,29-08-2024,230.1,232.92,228.88,229.79,51906300,-0.31,-0.13472,230.4225
AAPL,28-08-2024,227.92,229.86,225.68,226.49,38052200,-1.43,-0.62741,227.4875
AAPL,27-08-2024,226,228.85,224.89,228.03,35934600,2.03,0.89823,226.9425
AAPL,26-08-2024,226.76,227.28,223.89,227.18,30602208,0.42,0.18522,226.2775
AAPL,23-08-2024,225.66,228.22,224.33,226.84,38677300,1.18,0.52291,226.2625
AAPL,22-08-2024,227.79,228.34,223.9,224.53,43695321,-3.26,-1.43,226.14
AAPL,21-08-2024,226.52,227.98,225.05,226.4,34765500,-0.12,-0.05297545,226.4875
AAPL,20-08-2024,225.77,227.17,225.45,226.51,30299033,0.74,0.32777,226.225
AAPL,19-08-2024,225.72,225.99,223.04,225.89,40687813,0.17,0.07531455,225.16
AAPL,16-08-2024,223.92,226.83,223.65,226.05,44340240,2.13,0.95123,225.1125
AAPL,15-08-2024,224.6,225.35,222.76,224.72,46414013,0.12,0.05342832,224.3575
AAPL,14-08-2024,220.57,223.03,219.7,221.72,41960600,1.15,0.52138,221.255
AAPL,13-08-2024,219.01,221.89,219.01,221.27,44155331,2.26,1.03,220.295
AAPL,12-08-2024,216.07,219.51,215.6,217.53,38028100,1.46,0.67571,217.1775
AAPL,09-08-2024,212.1,216.78,211.97,216.24,42201646,4.14,1.95,214.2725
AAPL,08-08-2024,213.11,214.2,208.83,213.31,47161149,0.2,0.09384825,212.3625
AAPL,07-08-2024,206.9,213.64,206.39,209.82,63516417,2.92,1.41,209.1875
AAPL,06-08-2024,205.3,209.99,201.07,207.23,69660500,1.93,0.94009,205.8975
AAPL,05-08-2024,199.09,213.5,196,209.27,119548600,10.18,5.11,204.465
AAPL,02-08-2024,219.15,225.6,217.71,219.86,105568600,0.71,0.32398,220.58
AAPL,01-08-2024,224.37,224.48,217.02,218.36,62501000,-6.01,-2.68,221.0575
AAPL,31-07-2024,221.44,223.82,220.63,222.08,50036300,0.64,0.28902,221.9925
AAPL,30-07-2024,219.19,220.33,216.12,218.8,41643840,-0.39,-0.17793,218.61
AAPL,29-07-2024,216.96,219.3,215.75,218.24,36311800,1.28,0.58997,217.5625
AAPL,26-07-2024,218.7,219.49,216.01,217.96,41601345,-0.74,-0.33836,218.04
AAPL,25-07-2024,218.93,220.85,214.62,217.49,51391200,-1.44,-0.65774,217.9725
AAPL,24-07-2024,224,224.8,217.13,218.54,61777600,-5.46,-2.44,221.1175
AAPL,23-07-2024,224.37,226.94,222.68,225.01,39960300,0.645,0.28524,224.75
AAPL,22-07-2024,227.01,227.78,223.09,223.96,48201835,-3.05,-1.34,225.46
AAPL,19-07-2024,224.82,226.8,223.28,224.31,49151500,-0.51,-0.22685,224.8025
AAPL,18-07-2024,230.28,230.44,222.27,224.18,66034600,-6.1,-2.65,226.7925
AAPL,17-07-2024,229.45,231.46,226.64,228.88,57345900,-0.57,-0.24842,229.1075
AAPL,16-07-2024,235,236.27,232.33,234.82,43234300,-0.18,-0.07659574,234.605
AAPL,15-07-2024,236.48,237.23,233.09,234.4,62631300,-2.08,-0.87957,235.3
AAPL,12-07-2024,228.92,232.64,228.68,230.54,53046527,1.62,0.70767,230.195
AAPL,11-07-2024,231.39,232.39,225.77,227.57,64710617,-3.82,-1.65,229.28
AAPL,10-07-2024,229.3,233.08,229.25,232.98,62627700,3.68,1.6,231.1525
AAPL,09-07-2024,227.93,229.4,226.37,228.68,48169822,0.75,0.32905,228.095
AAPL,08-07-2024,227.09,227.85,223.25,227.82,59085900,0.73,0.32146,226.5025
AAPL,05-07-2024,221.65,226.45,221.65,226.34,60412408,4.69,2.12,224.0225
AAPL,03-07-2024,220,221.55,219.03,221.55,37369801,1.55,0.70455,220.5325
AAPL,02-07-2024,216.15,220.38,215.1,220.27,58046200,4.12,1.91,217.975
AAPL,01-07-2024,212.09,217.51,211.92,216.75,60402929,4.66,2.2,214.5675
AAPL,28-06-2024,215.77,216.07,210.3,210.62,82542718,-5.15,-2.39,213.19
AAPL,27-06-2024,214.69,215.74,212.35,214.1,49772707,-0.59,-0.27481,214.22
AAPL,26-06-2024,211.5,214.86,210.64,213.25,66213200,1.75,0.82742,212.5625
AAPL,25-06-2024,209.15,211.38,208.61,209.07,56713868,-0.08,-0.03825006,209.5525
AAPL,24-06-2024,207.72,212.7,206.59,208.14,80727006,0.42,0.2022,208.7875
AAPL,21-06-2024,210.39,211.89,207.11,207.49,246421353,-2.9,-1.38,209.22
AAPL,20-06-2024,213.93,214.24,208.85,209.68,86172500,-4.25,-1.99,211.675
AAPL,18-06-2024,217.59,218.63,213,214.29,79943300,-3.3,-1.52,215.8775
AAPL,17-06-2024,213.37,218.95,212.72,216.67,93728300,3.3,1.55,215.4275
AAPL,14-06-2024,213.85,215.17,211.3,212.49,70122748,-1.36,-0.63596,213.2025
AAPL,13-06-2024,214.74,216.75,211.6,214.24,97862729,-0.5,-0.23284,214.3325
AAPL,12-06-2024,207.37,220.2,206.9,213.07,198134300,5.7,2.75,211.885
AAPL,11-06-2024,193.65,207.16,193.63,207.15,172373300,13.5,6.97,200.3975
AAPL,10-06-2024,196.9,197.3,192.15,193.12,97262077,-3.78,-1.92,194.8675
AAPL,07-06-2024,194.65,196.94,194.14,196.89,53103912,2.24,1.15,195.655
AAPL,06-06-2024,195.69,196.5,194.17,194.48,41181800,-1.21,-0.61832,195.21
AAPL,05-06-2024,195.4,196.9,194.87,195.87,54156800,0.47,0.24053,195.76
AAPL,04-06-2024,194.64,195.32,193.03,194.35,47471445,-0.285,-0.14899,194.335
AAPL,03-06-2024,192.9,194.99,192.52,194.03,50080539,1.13,0.5858,193.61
AAPL,31-05-2024,191.44,192.57,189.91,192.25,75158300,0.81,0.42311,191.5425
AAPL,30-05-2024,190.76,192.18,190.63,191.29,49947941,0.53,0.27784,191.215
AAPL,29-05-2024,189.61,192.25,189.51,190.29,53068016,0.68,0.35863,190.415
AAPL,28-05-2024,191.51,193,189.1,189.99,52280100,-1.52,-0.79369,190.9
AAPL,24-05-2024,188.82,190.58,188.04,189.98,36327000,1.16,0.61434,189.355
AAPL,23-05-2024,190.98,191,186.63,186.88,51005924,-4.1,-2.15,188.8725
AAPL,22-05-2024,192.27,192.82,190.27,190.9,34648547,-1.36,-0.71254,191.565
AAPL,21-05-2024,191.09,192.73,190.92,192.35,42309401,1.26,0.65938,191.7725
AAPL,20-05-2024,189.33,191.92,189.01,191.04,44361300,1.72,0.90318,190.325
AAPL,17-05-2024,189.51,190.81,189.18,189.87,41282925,0.36,0.18996,189.8425
AAPL,16-05-2024,190.47,191.1,189.66,189.84,52845230,-0.63,-0.33076,190.2675
AAPL,15-05-2024,187.91,190.65,187.37,189.72,70400000,1.81,0.96323,188.9125
AAPL,14-05-2024,187.51,188.3,186.29,187.43,52393619,-0.08,-0.04266439,187.3825
AAPL,13-05-2024,185.44,187.1,184.62,186.28,72044809,0.845,0.45298,185.86
AAPL,10-05-2024,184.9,185.09,182.13,183.05,50759500,-1.85,-1,183.7925
AAPL,09-05-2024,182.56,184.66,182.11,184.57,48983000,2.01,1.1,183.475
AAPL,08-05-2024,182.85,183.07,181.45,182.74,45057100,-0.11,-0.0601586,182.5275
AAPL,07-05-2024,183.45,184.9,181.32,182.4,77305800,-1.05,-0.57236,183.0175
AAPL,06-05-2024,182.35,184.2,180.42,181.71,78569700,-0.644,-0.35097,182.17
AAPL,03-05-2024,186.65,187,182.66,183.38,163224109,-3.27,-1.75,184.9225
AAPL,02-05-2024,172.51,173.42,170.89,173.03,94214915,0.52,0.30143,172.4625
AAPL,01-05-2024,169.58,172.71,169.11,169.3,50383147,-0.28,-0.16511,170.175
AAPL,30-04-2024,173.33,174.99,170,170.33,65934800,-3,-1.73,172.1625
AAPL,29-04-2024,173.37,176.03,173.1,173.5,68169419,0.13,0.07498414,174
AAPL,26-04-2024,169.88,171.34,169.18,169.3,44838400,-0.58,-0.34142,169.925
AAPL,25-04-2024,169.53,170.61,168.15,169.89,50558329,0.365,0.21235,169.545
AAPL,24-04-2024,166.54,169.3,166.21,169.02,48251835,2.48,1.49,167.7675
AAPL,23-04-2024,165.35,167.05,164.92,166.9,49537800,1.55,0.93741,166.055
AAPL,22-04-2024,165.52,167.26,164.77,165.84,48116443,0.325,0.19333,165.8475
AAPL,19-04-2024,166.21,166.4,164.08,165,68149400,-1.21,-0.72799,165.4225
AAPL,18-04-2024,168.03,168.64,166.55,167.04,43122903,-0.99,-0.58918,167.565
AAPL,17-04-2024,169.61,170.65,168,168,50901210,-1.61,-0.94924,169.065
AAPL,16-04-2024,171.75,173.76,168.27,169.38,73711235,-2.37,-1.38,170.79
AAPL,15-04-2024,175.36,176.63,172.5,172.69,73531800,-2.67,-1.52,174.295
AAPL,12-04-2024,174.26,178.36,174.21,176.55,101670900,2.29,1.31,175.845
AAPL,11-04-2024,168.34,175.46,168.16,175.04,91070300,6.7,3.98,171.75
AAPL,10-04-2024,168.8,169.09,167.11,167.78,49709336,-1.02,-0.60427,168.195
AAPL,09-04-2024,168.7,170.08,168.35,169.67,42451209,0.97,0.57499,169.2
AAPL,08-04-2024,169.03,169.2,168.24,168.45,37425513,-0.58,-0.34313,168.73
AAPL,05-04-2024,169.59,170.39,168.95,169.58,42104826,-0.01,-0.00589657,169.6275
AAPL,04-04-2024,170.29,171.92,168.82,168.82,53704400,-1.47,-0.86323,169.9625
AAPL,03-04-2024,168.79,170.68,168.58,169.65,47691715,0.86,0.50951,169.425
AAPL,02-04-2024,169.08,169.34,168.23,168.84,49329500,-0.24,-0.14194,168.8725
AAPL,01-04-2024,171.19,171.25,169.48,170.03,46240500,-1.16,-0.67761,170.4875
AAPL,28-03-2024,171.75,172.23,170.51,171.48,65672700,-0.27,-0.15721,171.4925
AAPL,27-03-2024,170.41,173.6,170.11,173.31,60273300,2.9,1.7,171.8575
AAPL,26-03-2024,170,171.42,169.58,169.71,57388449,-0.29,-0.17059,170.1775
AAPL,25-03-2024,170.57,171.94,169.45,170.85,54288328,0.285,0.16416,170.7025
AAPL,22-03-2024,171.76,173.05,170.06,172.28,71160138,0.52,0.30275,171.7875
AAPL,21-03-2024,177.05,177.49,170.84,171.37,106181300,-5.68,-3.21,174.1875
AAPL,20-03-2024,175.72,178.67,175.09,178.67,53423102,2.95,1.68,177.0375
AAPL,19-03-2024,174.34,176.61,173.03,176.08,55215244,1.74,0.99805,175.015
AAPL,18-03-2024,175.57,177.71,173.52,173.72,75604200,-1.85,-1.05,175.13
AAPL,15-03-2024,171.17,172.62,170.29,172.62,121752700,1.45,0.84711,171.675
AAPL,14-03-2024,172.91,174.31,172.05,173,72913507,0.09,0.0520502,173.0675
AAPL,13-03-2024,172.77,173.19,170.76,171.13,52488700,-1.64,-0.94924,171.9625
AAPL,12-03-2024,173.15,174.03,171.01,173.23,59825400,0.08,0.04620271,172.855
AAPL,11-03-2024,172.94,174.38,172.05,172.75,60139500,-0.19,-0.10986,173.03
AAPL,08-03-2024,169,173.7,168.94,170.73,76267041,1.73,1.02,170.5925
AAPL,07-03-2024,169.15,170.73,168.49,169,71765100,-0.15,-0.08867869,169.3425
AAPL,06-03-2024,171.06,171.24,168.68,169.12,68587707,-1.94,-1.13,170.025
AAPL,05-03-2024,170.76,172.04,169.62,170.12,95132400,-0.64,-0.3748,170.635
AAPL,04-03-2024,176.15,176.9,173.79,175.1,81510101,-1.05,-0.59608,175.485
AAPL,01-03-2024,179.55,180.53,177.38,179.66,73563100,0.11,0.06126427,179.28
AAPL,29-02-2024,181.27,182.57,179.53,180.75,136682600,-0.52,-0.28686,181.03
AAPL,28-02-2024,182.51,183.12,180.13,181.42,48953939,-1.09,-0.59723,181.795
AAPL,27-02-2024,181.1,183.92,179.56,182.63,54318900,1.53,0.84484,181.8025
AAPL,26-02-2024,182.24,182.76,180.65,181.16,40867421,-1.08,-0.59263,181.7025
AAPL,23-02-2024,185.01,185.04,182.23,182.52,45119700,-2.49,-1.35,183.7
AAPL,22-02-2024,183.48,184.96,182.46,184.37,52292208,0.89,0.48507,183.8175
AAPL,21-02-2024,181.94,182.89,180.66,182.32,41529674,0.38,0.20886,181.9525
AAPL,20-02-2024,181.79,182.43,180,181.56,53665600,-0.23,-0.12652,181.445
AAPL,16-02-2024,183.42,184.85,181.67,182.31,49752500,-1.11,-0.60517,183.0625
AAPL,15-02-2024,183.55,184.49,181.35,183.86,65434500,0.31,0.16889,183.3125
AAPL,14-02-2024,185.32,185.53,182.44,184.15,54630517,-1.17,-0.63134,184.36
AAPL,13-02-2024,185.77,186.21,183.51,185.04,56529529,-0.73,-0.39296,185.1325
AAPL,12-02-2024,188.42,188.67,186.79,187.15,41781934,-1.26,-0.67403,187.7575
AAPL,09-02-2024,188.65,189.99,188,188.85,45155216,0.2,0.10602,188.8725
AAPL,08-02-2024,189.39,189.54,187.35,188.32,40962046,-1.06,-0.56497,188.65
AAPL,07-02-2024,190.64,191.05,188.61,189.41,53439000,-1.23,-0.6452,189.9275
AAPL,06-02-2024,186.86,189.31,186.77,189.3,43490800,2.44,1.31,188.06
AAPL,05-02-2024,188.15,189.25,185.84,187.68,69668820,-0.47,-0.2498,187.73
AAPL,02-02-2024,179.86,187.33,179.25,185.85,102551700,5.99,3.33,183.0725
AAPL,01-02-2024,183.99,186.95,183.82,186.86,64885408,2.88,1.56,185.405
AAPL,31-01-2024,187.04,187.1,184.35,184.4,55467803,-2.64,-1.41,185.7225
AAPL,30-01-2024,190.94,191.8,187.47,188.04,55859400,-2.9,-1.52,189.5625
AAPL,29-01-2024,192.01,192.2,189.58,191.73,47145622,-0.28,-0.14583,191.38
AAPL,26-01-2024,194.27,194.76,191.94,192.42,44594011,-1.85,-0.95228,193.3475
AAPL,25-01-2024,195.22,196.27,193.11,194.17,54822126,-1.05,-0.53785,194.6925
AAPL,24-01-2024,195.42,196.38,194.34,194.5,53631316,-0.92,-0.47078,195.16
AAPL,23-01-2024,195.02,195.75,193.83,195.18,42355600,0.16,0.08204287,194.945
AAPL,22-01-2024,192.3,195.33,192.26,193.89,60133900,1.59,0.82683,193.445
AAPL,19-01-2024,189.33,191.95,188.82,191.56,68903000,2.23,1.18,190.415
AAPL,18-01-2024,186.09,189.14,185.83,188.63,78005800,2.54,1.36,187.4225
AAPL,17-01-2024,181.27,182.93,180.3,182.68,47317433,1.41,0.77785,181.795
AAPL,16-01-2024,182.16,184.26,180.93,183.63,65603041,1.47,0.80698,182.745
AAPL,12-01-2024,186.06,186.74,185.19,185.92,40477800,-0.14,-0.07524454,185.9775
AAPL,11-01-2024,186.54,187.05,183.62,185.59,49128408,-0.95,-0.50927,185.7
AAPL,10-01-2024,184.35,186.4,183.92,186.19,46792908,1.84,0.9981,185.215
AAPL,09-01-2024,183.92,185.15,182.73,185.14,42841809,1.22,0.66333,184.235
AAPL,08-01-2024,182.09,185.6,181.5,185.56,59144500,3.47,1.91,183.6875
AAPL,05-01-2024,181.99,182.76,180.17,181.18,62379700,-0.81,-0.44508,181.525
AAPL,04-01-2024,182.15,183.09,180.88,181.91,71983600,-0.24,-0.13176,182.0075
AAPL,03-01-2024,184.22,185.88,183.43,184.25,58414500,0.03,0.01628488,184.445
AAPL,02-01-2024,187.15,188.44,183.89,185.64,82488700,-1.51,-0.80684,186.28
AAPL,29-12-2023,193.9,194.4,191.73,192.53,42672148,-1.37,-0.70655,193.14
AAPL,28-12-2023,194.14,194.66,193.17,193.58,34049900,-0.56,-0.28845,193.8875
AAPL,27-12-2023,192.49,193.5,191.09,193.15,48087700,0.66,0.34287,192.5575
AAPL,26-12-2023,193.61,193.89,192.83,193.05,28919310,-0.56,-0.28924,193.345
AAPL,22-12-2023,195.18,195.41,192.97,193.6,37149600,-1.58,-0.80951,194.29
AAPL,21-12-2023,196.1,197.08,193.5,194.68,46482549,-1.42,-0.72412,195.34
AAPL,20-12-2023,196.9,197.68,194.83,194.83,52242815,-2.07,-1.05,196.06
AAPL,19-12-2023,196.16,196.95,195.89,196.94,40714100,0.78,0.39763,196.485
AAPL,18-12-2023,196.09,196.63,194.39,195.89,55751900,-0.2,-0.10199,195.75
AAPL,15-12-2023,197.53,198.4,197,197.57,128538401,0.04,0.02025009,197.625
AAPL,14-12-2023,198.02,199.62,196.16,198.11,66831600,0.09,0.04544995,197.9775
AAPL,13-12-2023,195.09,198,194.85,197.96,70404200,2.87,1.47,196.475
AAPL,12-12-2023,193.08,194.72,191.72,194.71,52696900,1.63,0.84421,193.5575
AAPL,11-12-2023,193.11,193.49,191.42,193.18,60943700,0.07,0.03624877,192.8
AAPL,08-12-2023,194.2,195.99,193.67,195.71,53406400,1.51,0.77755,194.8925
AAPL,07-12-2023,193.63,195,193.59,194.27,47477700,0.64,0.33053,194.1225
AAPL,06-12-2023,194.45,194.76,192.11,192.32,41089737,-2.13,-1.1,193.41
AAPL,05-12-2023,190.21,194.4,190.18,193.42,66628400,3.21,1.69,192.0525
AAPL,04-12-2023,189.98,190.05,187.45,189.43,43389519,-0.55,-0.2895,189.2275
AAPL,01-12-2023,190.33,191.56,189.23,191.24,45704823,0.91,0.47812,190.59
AAPL,30-11-2023,189.84,190.32,188.19,189.95,48794400,0.11,0.05794353,189.575
AAPL,29-11-2023,190.9,192.09,188.97,189.37,43014224,-1.53,-0.80147,190.3325
AAPL,28-11-2023,189.78,191.08,189.4,190.4,38415419,0.62,0.32669,190.165
AAPL,27-11-2023,189.92,190.67,188.9,189.79,40552609,-0.13,-0.06844987,189.82
AAPL,24-11-2023,190.87,190.9,189.25,189.97,24048344,-0.9,-0.47153,190.2475
AAPL,22-11-2023,191.49,192.93,190.83,191.31,39630011,-0.18,-0.09399969,191.64
AAPL,21-11-2023,191.41,191.52,189.74,190.64,38134500,-0.77,-0.40228,190.8275
AAPL,20-11-2023,189.89,191.91,189.88,191.45,46538614,1.56,0.82153,190.7825
AAPL,17-11-2023,190.25,190.38,188.57,189.69,50941404,-0.56,-0.29435,189.7225
AAPL,16-11-2023,189.57,190.96,188.65,189.71,54412915,0.14,0.07385135,189.7225
AAPL,15-11-2023,187.85,189.5,187.78,188.01,53790500,0.165,0.08517434,188.285
AAPL,14-11-2023,187.7,188.11,186.3,187.44,60108400,-0.26,-0.13852,187.3875
AAPL,13-11-2023,185.82,186.03,184.21,184.8,43627519,-1.02,-0.54892,185.215
AAPL,10-11-2023,183.97,186.57,183.53,186.4,66177922,2.43,1.32,185.1175
AAPL,09-11-2023,182.96,184.12,181.81,182.41,53763540,-0.55,-0.30061,182.825
AAPL,08-11-2023,182.35,183.45,181.59,182.89,49340300,0.54,0.29613,182.57
AAPL,07-11-2023,179.18,182.44,178.97,181.82,70530000,2.64,1.47,180.6025
AAPL,06-11-2023,176.38,179.43,176.21,179.23,63841310,2.85,1.62,177.8125
AAPL,03-11-2023,174.24,176.82,173.35,176.65,79829246,2.41,1.38,175.265
AAPL,02-11-2023,175.52,177.78,175.46,177.57,77334800,2.05,1.17,176.5825
AAPL,01-11-2023,171,174.23,170.12,173.97,56934906,2.97,1.74,172.33
AAPL,31-10-2023,169.35,170.9,167.9,170.77,44846017,1.42,0.8385,169.73
AAPL,30-10-2023,169.02,171.17,168.87,170.29,51131000,1.27,0.75139,169.8375
AAPL,27-10-2023,166.91,168.96,166.83,168.22,58499129,1.31,0.78485,167.73
AAPL,26-10-2023,170.37,171.38,165.67,166.89,70625300,-3.48,-2.04,168.5775
AAPL,25-10-2023,171.88,173.06,170.65,171.1,57157000,-0.78,-0.4538,171.6725
AAPL,24-10-2023,173.05,173.67,171.45,173.44,43816644,0.39,0.22537,172.9025
AAPL,23-10-2023,170.91,174.01,169.93,173,55980109,2.09,1.22,171.9625
AAPL,20-10-2023,175.31,175.42,172.64,172.88,64244028,-2.43,-1.39,174.0625
AAPL,19-10-2023,176.04,177.84,175.19,175.46,59302900,-0.58,-0.32947,176.1325
AAPL,18-10-2023,175.58,177.58,175.11,175.84,54764400,0.26,0.14808,176.0275
AAPL,17-10-2023,176.65,178.42,174.8,177.15,57549400,0.505,0.28305,176.755
AAPL,16-10-2023,176.75,179.08,176.51,178.72,52517000,1.97,1.11,177.765
AAPL,13-10-2023,181.42,181.93,178.14,178.85,51456082,-2.57,-1.42,180.085
AAPL,12-10-2023,180.07,182.34,179.04,180.71,56743119,0.64,0.35542,180.54
AAPL,11-10-2023,178.2,179.85,177.6,179.8,47551100,1.6,0.89787,178.8625
AAPL,10-10-2023,178.1,179.72,177.95,178.39,43698019,0.29,0.16283,178.54
AAPL,09-10-2023,176.81,179.05,175.8,178.99,42390800,2.18,1.23,177.6625
AAPL,06-10-2023,173.8,177.99,173.18,177.49,57266700,3.69,2.12,175.615
AAPL,05-10-2023,173.79,175.45,172.68,174.91,48527918,1.12,0.64446,174.2075
AAPL,04-10-2023,171.09,174.21,170.97,173.66,53020300,2.57,1.5,172.4825
AAPL,03-10-2023,172.26,173.63,170.82,172.4,49594613,0.145,0.0812725,172.2775
AAPL,02-10-2023,171.22,174.3,170.93,173.75,52164535,2.53,1.48,172.55
AAPL,29-09-2023,172.02,173.07,170.34,171.21,51861100,-0.81,-0.47088,171.66
AAPL,28-09-2023,169.34,172.03,167.62,170.69,56294419,1.35,0.79721,169.92
AAPL,27-09-2023,172.62,173.04,169.05,170.43,66921808,-2.19,-1.27,171.285
AAPL,26-09-2023,174.82,175.2,171.66,171.96,64588945,-2.86,-1.64,173.41
AAPL,25-09-2023,174.2,176.97,174.15,176.08,46172740,1.88,1.08,175.35
AAPL,22-09-2023,174.67,177.08,174.05,174.79,56725400,0.12,0.06870098,175.1475
AAPL,21-09-2023,174.55,176.3,173.86,173.93,63149116,-0.62,-0.3552,174.66
AAPL,20-09-2023,179.26,179.7,175.4,175.49,58436200,-3.77,-2.1,177.4625
AAPL,19-09-2023,177.52,179.63,177.13,179.07,51826941,1.55,0.87314,178.3375
AAPL,18-09-2023,176.48,179.38,176.17,177.97,67257600,1.49,0.84429,177.5
AAPL,15-09-2023,176.48,176.5,173.82,175.01,109259500,-1.47,-0.83296,175.4525
AAPL,14-09-2023,174,176.1,173.58,175.74,60895800,1.74,1,174.855
AAPL,13-09-2023,176.51,177.3,173.98,174.21,84267928,-2.3,-1.3,175.5
AAPL,12-09-2023,179.49,180.13,174.82,176.3,90370200,-3.19,-1.78,177.685
AAPL,11-09-2023,180.07,180.3,177.34,179.36,58953100,-0.71,-0.39429,179.2675
AAPL,08-09-2023,178.35,180.24,177.79,178.18,65602066,-0.17,-0.09531819,178.64
AAPL,07-09-2023,175.18,178.21,173.54,177.56,112488803,2.38,1.36,176.1225
AAPL,06-09-2023,188.4,188.85,181.47,182.91,81755816,-5.49,-2.91,185.4075
AAPL,05-09-2023,188.28,189.98,187.61,189.7,45280027,1.42,0.7542,188.8925
AAPL,01-09-2023,189.49,189.92,188.28,189.46,45766503,-0.025,-0.01583197,189.2875
AAPL,31-08-2023,187.84,189.12,187.48,187.87,60794500,0.03,0.01597104,188.0775
AAPL,30-08-2023,184.94,187.85,184.74,187.65,60813900,2.71,1.47,186.295
AAPL,29-08-2023,179.7,184.9,179.5,184.12,53003948,4.43,2.46,182.055
AAPL,28-08-2023,180.09,180.59,178.55,180.19,43820700,0.1,0.05552779,179.855
AAPL,25-08-2023,177.38,179.15,175.82,178.61,51449600,1.23,0.69343,177.74
AAPL,24-08-2023,180.67,181.1,176.01,176.38,54945800,-4.29,-2.37,178.54
AAPL,23-08-2023,178.52,181.55,178.33,181.12,52722800,2.6,1.46,179.88
AAPL,22-08-2023,177.06,177.68,176.25,177.23,42084245,0.17,0.09601265,177.055
AAPL,21-08-2023,175.07,176.13,173.74,175.84,46311900,0.77,0.43982,175.195
AAPL,18-08-2023,172.3,175.1,171.96,174.49,61172200,2.19,1.27,173.4625
AAPL,17-08-2023,177.14,177.51,173.48,174,66062900,-3.14,-1.77,175.5325
AAPL,16-08-2023,177.13,178.54,176.5,176.57,46964900,-0.56,-0.31615,177.185
AAPL,15-08-2023,178.88,179.48,177.05,177.45,43622600,-1.43,-0.79942,178.215
AAPL,14-08-2023,177.97,179.69,177.31,179.46,43675627,1.49,0.83722,178.6075
AAPL,11-08-2023,177.32,178.62,176.55,177.79,52036700,0.47,0.26506,177.57
AAPL,10-08-2023,179.48,180.75,177.6,177.97,54686900,-1.51,-0.84132,178.95
AAPL,09-08-2023,180.87,180.93,177.01,178.19,60378500,-2.68,-1.48,179.25
AAPL,08-08-2023,179.69,180.27,177.58,179.8,67823003,0.11,0.06121654,179.335
AAPL,07-08-2023,182.13,183.13,177.35,178.85,97576100,-3.28,-1.8,180.365
AAPL,04-08-2023,185.52,187.38,181.92,181.99,115956841,-3.53,-1.9,184.2025
AAPL,03-08-2023,191.57,192.37,190.69,191.17,62243282,-0.4,-0.2088,191.45
AAPL,02-08-2023,195.04,195.18,191.85,192.58,50389327,-2.46,-1.26,193.6625
AAPL,01-08-2023,196.24,196.73,195.28,195.61,35281426,-0.63,-0.32104,195.965
AAPL,31-07-2023,196.06,196.49,195.26,196.45,38824113,0.39,0.19892,196.065
AAPL,28-07-2023,194.67,196.63,194.14,195.83,48291443,1.16,0.59588,195.3175
AAPL,27-07-2023,196.02,197.2,192.55,193.22,47460200,-2.8,-1.43,194.7475
AAPL,26-07-2023,193.67,195.64,193.32,194.5,47471900,0.83,0.42856,194.2825
AAPL,25-07-2023,193.33,194.44,192.92,193.62,37283201,0.29,0.15,193.5775
AAPL,24-07-2023,193.41,194.91,192.25,192.75,45505097,-0.66,-0.34124,193.33
AAPL,21-07-2023,194.1,194.97,191.23,191.94,71951700,-2.16,-1.11,193.06
AAPL,20-07-2023,195.09,196.47,192.5,193.13,59581200,-1.96,-1,194.2975
AAPL,19-07-2023,193.1,198.23,192.65,195.1,80507323,2,1.04,194.77
AAPL,18-07-2023,193.35,194.33,192.42,193.73,48353774,0.38,0.19653,193.4575
AAPL,17-07-2023,191.9,194.32,191.81,193.99,50520200,2.09,1.09,193.005
AAPL,14-07-2023,190.23,191.18,189.63,190.69,41616242,0.46,0.24181,190.4325
AAPL,13-07-2023,190.5,191.19,189.78,190.54,41342338,0.04,0.02099738,190.5025
AAPL,12-07-2023,189.68,191.7,188.47,189.77,60750248,0.09,0.04744833,189.905
AAPL,11-07-2023,189.16,189.3,186.6,188.08,46638119,-1.08,-0.57095,188.285
AAPL,10-07-2023,189.26,189.99,187.04,188.61,59922200,-0.65,-0.34344,188.725
AAPL,07-07-2023,191.41,192.67,190.24,190.68,46815000,-0.73,-0.38138,191.25
AAPL,06-07-2023,189.84,192.02,189.2,191.81,45156009,1.97,1.04,190.7175
AAPL,05-07-2023,191.57,192.98,190.62,191.33,46920300,-0.235,-0.12528,191.625
AAPL,03-07-2023,193.78,193.88,191.76,192.46,31458200,-1.32,-0.68118,192.97
AAPL,30-06-2023,191.63,194.48,191.26,193.97,85213216,2.34,1.22,192.835
AAPL,29-06-2023,189.08,190.07,188.94,189.59,46347308,0.51,0.26973,189.42
AAPL,28-06-2023,187.93,189.9,187.6,189.25,51216801,1.32,0.70239,188.67
AAPL,27-06-2023,185.89,188.39,185.67,188.06,50730846,2.17,1.17,187.0025
AAPL,26-06-2023,186.83,188.05,185.23,185.27,48088700,-1.56,-0.83498,186.345
AAPL,23-06-2023,185.55,187.56,185.01,186.68,53117000,1.13,0.609,186.2
AAPL,22-06-2023,183.74,187.05,183.67,187,51245327,3.26,1.77,185.365
AAPL,21-06-2023,184.9,185.41,182.59,183.96,49515700,-0.94,-0.50838,184.215
AAPL,20-06-2023,184.41,186.1,184.41,185.01,49799100,0.6,0.32536,184.9825
AAPL,16-06-2023,186.73,186.99,184.27,184.92,101256225,-1.81,-0.96931,185.7275
AAPL,15-06-2023,183.96,186.52,183.78,186.01,65433200,2.05,1.11,185.0675
AAPL,14-06-2023,183.37,184.39,182.02,183.95,57462900,0.58,0.3163,183.4325
AAPL,13-06-2023,182.8,184.15,182.44,183.31,54929129,0.51,0.27899,183.175
AAPL,12-06-2023,181.27,183.89,180.97,183.79,54754995,2.52,1.39,182.48
AAPL,09-06-2023,181.5,182.23,180.63,180.96,48900000,-0.54,-0.29752,181.33
AAPL,08-06-2023,177.9,180.84,177.46,180.57,50214900,2.67,1.5,179.1925
AAPL,07-06-2023,178.44,181.21,177.32,177.82,61944615,-0.62,-0.34746,178.6975
AAPL,06-06-2023,179.97,180.12,177.43,179.21,64848400,-0.755,-0.42229,179.1825
AAPL,05-06-2023,182.63,184.95,178.04,179.58,121946500,-3.05,-1.67,181.3
AAPL,02-06-2023,181.03,181.78,179.26,180.95,61996913,-0.08,-0.04419157,180.755
AAPL,01-06-2023,177.7,180.12,176.93,180.09,68901809,2.39,1.34,178.71
AAPL,31-05-2023,177.33,179.35,176.76,177.25,99625300,-0.075,-0.04511363,177.6725
AAPL,30-05-2023,176.96,178.99,176.57,177.3,55964401,0.34,0.19213,177.455
AAPL,26-05-2023,173.32,175.77,173.11,175.43,54835000,2.11,1.22,174.4075
AAPL,25-05-2023,172.41,173.9,171.69,172.99,56058300,0.58,0.33641,172.7475
AAPL,24-05-2023,171.09,172.42,170.52,171.84,45143500,0.75,0.43837,171.4675
AAPL,23-05-2023,173.13,173.38,171.28,171.56,50747300,-1.57,-0.90683,172.3375
AAPL,22-05-2023,173.98,174.71,173.45,174.2,43570932,0.22,0.12645,174.085
AAPL,19-05-2023,176.39,176.39,174.94,175.16,55809500,-1.23,-0.69732,175.72
AAPL,18-05-2023,173,175.24,172.58,175.05,65496700,2.05,1.18,173.9675
AAPL,17-05-2023,171.71,172.93,170.42,172.69,57951604,0.98,0.57073,171.9375
AAPL,16-05-2023,171.99,173.14,171.8,172.07,42110300,0.08,0.04651433,172.25
AAPL,15-05-2023,173.16,173.21,171.47,172.07,37266700,-1.09,-0.62948,172.4775
AAPL,12-05-2023,173.62,174.06,171,172.57,45533138,-1.05,-0.60477,172.8125
AAPL,11-05-2023,173.85,174.59,172.17,173.75,49514700,-0.1,-0.05752085,173.59
AAPL,10-05-2023,173.02,174.03,171.9,173.56,53724501,0.535,0.3121,173.1275
AAPL,09-05-2023,173.05,173.54,171.6,171.77,45326900,-1.28,-0.73967,172.49
AAPL,08-05-2023,172.48,173.85,172.11,173.5,55962800,1.02,0.59137,172.985
AAPL,05-05-2023,170.98,174.3,170.76,173.57,113453200,2.59,1.51,172.4025
AAPL,04-05-2023,164.89,167.04,164.31,165.79,81235427,0.9,0.54582,165.5075
AAPL,03-05-2023,169.5,170.92,167.16,167.45,65136018,-2.05,-1.21,168.7575
AAPL,02-05-2023,170.09,170.35,167.54,168.54,48425700,-1.55,-0.91128,169.13
AAPL,01-05-2023,169.28,170.45,168.64,169.59,52472936,0.31,0.18313,169.49
AAPL,28-04-2023,168.49,169.85,167.88,169.68,55275900,1.19,0.70627,168.975
AAPL,27-04-2023,165.19,168.56,165.19,168.41,64902329,3.22,1.95,166.8375
AAPL,26-04-2023,163.06,165.28,162.8,163.76,45498800,0.705,0.42929,163.725
AAPL,25-04-2023,165.19,166.31,163.73,163.77,48714100,-1.42,-0.85962,164.75
AAPL,24-04-2023,165,165.6,163.89,165.33,41949600,0.33,0.2,164.955
AAPL,21-04-2023,165.05,166.45,164.49,165.02,58337341,-0.03,-0.01817631,165.2525
AAPL,20-04-2023,166.09,167.87,165.56,166.65,52456400,0.56,0.33717,166.5425
AAPL,19-04-2023,165.8,168.16,165.54,167.63,47720200,1.83,1.1,166.7825
AAPL,18-04-2023,166.1,167.41,165.65,166.47,49923008,0.37,0.22276,166.4075
AAPL,17-04-2023,165.09,165.39,164.03,165.23,41516217,0.14,0.08480223,164.935
AAPL,14-04-2023,164.59,166.32,163.82,165.21,49386500,0.62,0.37669,164.985
AAPL,13-04-2023,161.63,165.8,161.42,165.56,68445649,3.93,2.43,163.6025
AAPL,12-04-2023,161.22,162.06,159.78,160.1,50133100,-1.12,-0.6947,160.79
AAPL,11-04-2023,162.35,162.36,160.51,160.8,47644217,-1.55,-0.95473,161.505
AAPL,10-04-2023,161.42,162.03,160.08,162.03,47716900,0.61,0.3779,161.39
AAPL,06-04-2023,162.43,164.96,162,164.66,45390123,2.23,1.37,163.5125
AAPL,05-04-2023,164.74,165.05,161.8,163.76,51511744,-0.98,-0.59488,163.8375
AAPL,04-04-2023,166.6,166.84,165.11,165.63,46278300,-0.965,-0.58223,166.045
AAPL,03-04-2023,164.27,166.29,164.22,166.17,56976200,1.9,1.16,165.2375
AAPL,31-03-2023,162.44,165,161.91,164.9,68749800,2.46,1.51,163.5625
AAPL,30-03-2023,161.53,162.47,161.27,162.36,49501700,0.83,0.51384,161.9075
AAPL,29-03-2023,159.37,161.05,159.35,160.77,51305700,1.4,0.87846,160.135
AAPL,28-03-2023,157.97,158.49,155.98,157.65,45992200,-0.32,-0.20257,157.5225
AAPL,27-03-2023,159.94,160.77,157.87,158.28,52390300,-1.66,-1.04,159.215
AAPL,24-03-2023,158.86,160.34,157.85,160.25,59256343,1.39,0.87498,159.325
AAPL,23-03-2023,158.83,161.55,157.68,158.93,67622100,0.1,0.0629604,159.2475
AAPL,22-03-2023,159.3,162.14,157.81,157.83,75701811,-1.47,-0.92279,159.27
AAPL,21-03-2023,157.32,159.4,156.54,159.28,73938300,1.96,1.25,158.135
AAPL,20-03-2023,155.07,157.82,154.15,157.4,73641415,2.33,1.5,156.11
AAPL,17-03-2023,156.08,156.74,154.28,155,98944633,-1.08,-0.69195,155.525
AAPL,16-03-2023,152.16,156.46,151.64,155.85,76254419,3.69,2.43,154.0275
AAPL,15-03-2023,151.19,153.25,149.92,152.99,77167900,1.8,1.19,151.8375
AAPL,14-03-2023,151.28,153.4,150.1,152.59,73695900,1.31,0.86594,151.8425
AAPL,13-03-2023,147.81,153.14,147.7,150.47,84457122,2.66,1.8,149.78
AAPL,10-03-2023,150.21,150.94,147.61,148.5,68572400,-1.71,-1.14,149.315
AAPL,09-03-2023,153.56,154.54,150.23,150.59,53833600,-2.97,-1.93,152.23
AAPL,08-03-2023,152.81,153.47,151.83,152.87,47204800,0.06,0.03926445,152.745
AAPL,07-03-2023,153.7,154.03,151.13,151.6,56182028,-2.1,-1.37,152.615
AAPL,06-03-2023,153.79,156.3,153.46,153.83,87558028,0.045,0.02600949,154.345
AAPL,03-03-2023,148.04,151.11,147.33,151.03,70732300,2.99,2.02,149.3775
AAPL,02-03-2023,144.38,146.71,143.9,145.91,52279761,1.53,1.06,145.225
AAPL,01-03-2023,146.83,147.23,145.01,145.31,55479000,-1.52,-1.04,146.095
AAPL,28-02-2023,147.05,149.08,146.83,147.41,50547000,0.36,0.24481,147.5925
AAPL,27-02-2023,147.71,149.17,147.45,147.92,44998500,0.21,0.14217,148.0625
AAPL,24-02-2023,147.11,147.19,145.72,146.71,55469606,-0.4,-0.27191,146.6825
AAPL,23-02-2023,150.09,150.34,147.24,149.4,48394249,-0.69,-0.45972,149.2675
AAPL,22-02-2023,148.87,149.95,147.16,148.91,51011305,0.04,0.02686908,148.7225
AAPL,21-02-2023,150.2,151.3,148.41,148.48,58867230,-1.72,-1.15,149.5975
AAPL,17-02-2023,152.35,153,150.85,152.55,59144118,0.2,0.13128,152.1875
AAPL,16-02-2023,153.51,156.33,153.35,153.71,68167942,0.2,0.13028,154.225
AAPL,15-02-2023,153.11,155.5,152.88,155.33,65669252,2.22,1.45,154.205
AAPL,14-02-2023,152.12,153.77,150.86,153.2,61707600,1.08,0.70997,152.4875
AAPL,13-02-2023,150.95,154.26,150.92,153.85,62199013,2.9,1.92,152.495
AAPL,10-02-2023,149.46,151.34,149.22,151.01,57450708,1.55,1.04,150.2575
AAPL,09-02-2023,153.78,154.33,150.42,150.87,56007143,-2.91,-1.89,152.35
AAPL,08-02-2023,153.88,154.58,151.17,151.92,64120100,-1.96,-1.27,152.8875
AAPL,07-02-2023,150.64,155.23,150.64,154.65,83322600,4.01,2.66,152.79
AAPL,06-02-2023,152.57,153.1,150.78,151.73,69858306,-0.845,-0.55057,152.045
AAPL,03-02-2023,148.03,157.38,147.83,154.5,154357337,6.47,4.37,151.935
AAPL,02-02-2023,148.9,151.18,148.17,150.82,118339000,1.92,1.29,149.7675
AAPL,01-02-2023,143.97,146.61,141.32,145.43,77663633,1.46,1.01,144.3325
AAPL,31-01-2023,142.7,144.34,142.28,144.29,65874500,1.59,1.11,143.4025
AAPL,30-01-2023,144.96,145.55,142.85,143,64015300,-1.96,-1.35,144.09
AAPL,27-01-2023,143.16,147.23,143.08,145.93,70555843,2.78,1.93,144.85
AAPL,26-01-2023,143.17,144.25,141.9,143.96,54105100,0.79,0.55179,143.32
AAPL,25-01-2023,140.89,142.43,138.81,141.86,65799349,0.97,0.68848,140.9975
AAPL,24-01-2023,140.31,143.16,140.3,142.53,66435142,2.22,1.58,141.575
AAPL,23-01-2023,138.12,143.32,137.9,141.11,81760313,2.99,2.16,140.1125
AAPL,20-01-2023,135.28,138.02,134.22,137.87,80223626,2.59,1.91,136.3475
AAPL,19-01-2023,134.08,136.25,133.77,135.27,58280413,1.19,0.88753,134.8425
AAPL,18-01-2023,136.82,138.61,135.03,135.21,69672800,-1.6,-1.18,136.4175
AAPL,17-01-2023,134.83,137.29,134.13,135.94,63646627,1.11,0.82326,135.5475
AAPL,13-01-2023,132.03,134.92,131.66,134.76,57809719,2.73,2.07,133.3425
AAPL,12-01-2023,133.88,134.26,131.44,133.41,71379648,-0.47,-0.35106,133.2475
AAPL,11-01-2023,131.25,133.51,130.46,133.49,69458949,2.24,1.71,132.1775
AAPL,10-01-2023,130.26,131.26,128.12,130.73,63896200,0.47,0.36082,130.0925
AAPL,09-01-2023,130.47,133.41,129.89,130.15,70790813,-0.315,-0.24527,130.98
AAPL,06-01-2023,126.01,130.29,124.89,129.62,87754715,3.61,2.86,127.7025
AAPL,05-01-2023,127.13,127.77,124.76,125.02,80962708,-2.11,-1.66,126.17
AAPL,04-01-2023,126.89,128.66,125.08,126.36,89113633,-0.53,-0.41768,126.7475
AAPL,03-01-2023,130.28,130.9,124.17,125.07,112117500,-5.21,-4,127.605
AAPL,30-12-2022,128.41,129.95,127.43,129.93,77034209,1.52,1.18,128.93
AAPL,29-12-2022,127.99,130.48,127.73,129.61,75703710,1.62,1.27,128.9525
AAPL,28-12-2022,129.67,131.03,125.87,126.04,85438400,-3.63,-2.8,128.1525
AAPL,27-12-2022,131.38,131.41,128.72,130.03,69007830,-1.35,-1.03,130.385
AAPL,23-12-2022,130.92,132.42,129.64,131.86,63814900,0.94,0.718,131.21
AAPL,22-12-2022,134.35,134.56,130.3,132.23,77852108,-2.12,-1.58,132.86
AAPL,21-12-2022,132.98,136.81,132.75,135.45,85928000,2.47,1.86,134.4975
AAPL,20-12-2022,131.39,133.25,129.89,132.3,77432819,0.91,0.69259,131.7075
AAPL,19-12-2022,135.11,135.2,131.32,132.37,79592614,-2.74,-2.03,133.5
AAPL,16-12-2022,136.69,137.65,133.73,134.51,160156900,-2.18,-1.59,135.645
AAPL,15-12-2022,141.11,141.8,136.03,136.5,98931907,-4.61,-3.27,138.86
AAPL,14-12-2022,145.35,146.66,141.16,143.21,82291200,-2.14,-1.47,144.095
AAPL,13-12-2022,149.5,149.97,144.24,145.47,93886200,-4.03,-2.7,147.295
AAPL,12-12-2022,142.7,144.5,141.06,144.49,70462700,1.79,1.25,143.1875
AAPL,09-12-2022,142.34,145.57,140.9,142.16,76097011,-0.18,-0.12646,142.7425
AAPL,08-12-2022,142.36,143.52,141.1,142.65,62128338,0.29,0.20371,142.4075
AAPL,07-12-2022,142.19,143.37,140,140.94,69721100,-1.25,-0.87911,141.625
AAPL,06-12-2022,147.07,147.3,141.92,142.91,64727200,-4.16,-2.83,144.8
AAPL,05-12-2022,147.77,150.92,145.77,146.63,68826442,-1.14,-0.77147,147.7725
AAPL,02-12-2022,145.96,148,145.65,147.81,65447446,1.85,1.27,146.855
AAPL,01-12-2022,148.21,149.13,146.61,148.31,71250416,0.1,0.06747183,148.065
AAPL,30-11-2022,141.4,148.72,140.55,148.03,111380900,6.63,4.69,144.675
AAPL,29-11-2022,144.29,144.81,140.35,141.17,83763803,-3.12,-2.16,142.655
AAPL,28-11-2022,145.14,146.64,143.38,144.22,69346522,-0.92,-0.63387,144.845
AAPL,25-11-2022,148.31,148.88,147.12,148.11,35195900,-0.195,-0.13485,148.105
AAPL,23-11-2022,149.45,151.83,149.34,151.07,58301400,1.62,1.08,150.4225
AAPL,22-11-2022,148.13,150.42,146.93,150.18,51804132,2.05,1.38,148.915
AAPL,21-11-2022,150.16,150.37,147.72,148.01,58724100,-2.15,-1.43,149.065
AAPL,18-11-2022,152.31,152.7,149.97,151.29,74829600,-1.02,-0.66969,151.5675
AAPL,17-11-2022,146.43,151.48,146.15,150.72,80389400,4.29,2.93,148.695
AAPL,16-11-2022,149.13,149.87,147.29,148.79,64218300,-0.34,-0.22799,148.77
AAPL,15-11-2022,152.22,153.59,148.56,150.04,89868332,-2.18,-1.43,151.1025
AAPL,14-11-2022,148.97,150.28,147.43,148.28,73374114,-0.69,-0.46318,148.74
AAPL,11-11-2022,145.82,150.01,144.37,149.7,93979700,3.88,2.66,147.475
AAPL,10-11-2022,141.24,146.87,139.5,146.87,118854028,5.63,3.99,143.62
AAPL,09-11-2022,138.5,138.55,134.59,134.87,74917800,-3.63,-2.62,136.6275
AAPL,08-11-2022,140.41,141.43,137.49,139.5,89908500,-0.91,-0.6481,139.7075
AAPL,07-11-2022,137.11,139.15,135.67,138.92,83374628,1.81,1.32,137.7125
AAPL,04-11-2022,142.09,142.67,134.38,138.38,140814800,-3.71,-2.61,139.38
AAPL,03-11-2022,142.06,142.8,138.75,138.88,97918516,-3.18,-2.24,140.6225
AAPL,02-11-2022,148.95,152.17,145,145.03,93604623,-3.91,-2.63,147.7875
AAPL,01-11-2022,155.08,155.45,149.13,150.65,80379345,-4.43,-2.86,152.5775
AAPL,31-10-2022,153.16,154.24,151.92,153.34,97943200,0.185,0.11752,153.165
AAPL,28-10-2022,148.2,157.5,147.82,155.74,164762400,7.54,5.09,152.315
AAPL,27-10-2022,148.07,149.05,144.13,144.8,109180200,-3.27,-2.21,146.5125
AAPL,26-10-2022,150.96,151.99,148.04,149.35,88436172,-1.61,-1.07,150.085
AAPL,25-10-2022,150.09,152.49,149.36,152.34,74732300,2.25,1.5,151.07
AAPL,24-10-2022,147.19,150.23,146,149.45,75981918,2.26,1.54,148.2175
AAPL,21-10-2022,142.87,147.85,142.65,147.27,86548609,4.4,3.08,145.16
AAPL,20-10-2022,143.02,145.89,142.65,143.39,64522000,0.37,0.25871,143.7375
AAPL,19-10-2022,141.69,144.95,141.5,143.86,61758340,2.17,1.53,143
AAPL,18-10-2022,145.49,146.7,140.61,143.75,99136610,-1.74,-1.2,144.1375
AAPL,17-10-2022,141.07,142.9,140.27,142.41,85250939,1.34,0.94988,141.6625
AAPL,14-10-2022,144.31,144.52,138.19,138.38,88598000,-5.93,-4.11,141.35
AAPL,13-10-2022,134.99,143.59,134.37,142.99,113224000,8,5.93,138.985
AAPL,12-10-2022,139.13,140.36,138.16,138.34,70433744,-0.79,-0.56781,138.9975
AAPL,11-10-2022,139.9,141.35,138.22,138.98,77033700,-0.92,-0.65761,139.6125
AAPL,10-10-2022,140.42,141.89,138.57,140.42,74899002,0,0,140.325
AAPL,07-10-2022,142.54,143.1,139.45,140.09,85925600,-2.45,-1.72,141.295
AAPL,06-10-2022,145.81,147.54,145.22,145.43,68402200,-0.38,-0.26061,146
AAPL,05-10-2022,144.07,147.38,143.01,146.4,79471000,2.33,1.62,145.215
AAPL,04-10-2022,145.03,146.22,144.26,146.1,87830100,1.07,0.73778,145.4025
AAPL,03-10-2022,138.21,143.07,137.69,142.45,114311700,4.24,3.07,140.355
AAPL,30-09-2022,141.28,143.1,138,138.2,124925300,-3.08,-2.18,140.145
AAPL,29-09-2022,146.1,146.72,140.68,142.48,128138237,-3.62,-2.48,143.995
AAPL,28-09-2022,147.64,150.64,144.84,149.84,146691400,2.2,1.49,148.24
AAPL,27-09-2022,152.74,154.72,149.95,151.76,84442741,-0.98,-0.64161,152.2925
AAPL,26-09-2022,149.66,153.77,149.64,150.77,93339409,1.11,0.74168,150.96
AAPL,23-09-2022,151.19,151.47,148.56,150.43,96029909,-0.76,-0.50268,150.4125
AAPL,22-09-2022,152.38,154.47,150.91,152.74,86652542,0.36,0.23625,152.625
AAPL,21-09-2022,157.34,158.74,153.6,153.72,101696800,-3.62,-2.3,155.85
AAPL,20-09-2022,153.4,158.08,153.08,156.9,107689800,3.5,2.28,155.365
AAPL,19-09-2022,149.31,154.56,149.1,154.48,81474246,5.17,3.46,151.8625
AAPL,16-09-2022,151.21,151.35,148.37,150.7,162278841,-0.51,-0.33728,150.4075
AAPL,15-09-2022,154.65,155.24,151.38,152.37,90481110,-2.28,-1.47,153.41
AAPL,14-09-2022,154.79,157.1,153.61,155.31,87965409,0.525,0.33594,155.2025
AAPL,13-09-2022,159.9,160.54,153.37,153.84,122656614,-6.06,-3.79,156.9125
AAPL,12-09-2022,159.59,164.26,159.3,163.43,104956000,3.84,2.41,161.645
AAPL,09-09-2022,155.47,157.82,154.75,157.37,68081006,1.9,1.22,156.3525
AAPL,08-09-2022,154.64,156.36,152.68,154.46,84923847,-0.18,-0.1164,154.535
AAPL,07-09-2022,154.82,156.67,153.61,155.96,87449600,1.14,0.73634,155.265
AAPL,06-09-2022,156.47,157.09,153.69,154.53,73714843,-1.94,-1.24,155.445
AAPL,02-09-2022,159.75,160.36,154.97,155.81,76957800,-3.94,-2.47,157.7225
AAPL,01-09-2022,156.64,158.42,154.67,157.96,74229900,1.32,0.8427,156.9225
AAPL,31-08-2022,160.31,160.58,157.14,157.22,87991100,-3.09,-1.93,158.8125
AAPL,30-08-2022,162.13,162.56,157.72,158.91,77906200,-3.22,-1.99,160.33
AAPL,29-08-2022,161.15,162.9,159.82,161.38,73314000,0.235,0.14272,161.3125
AAPL,26-08-2022,170.57,171.05,163.56,163.62,78961000,-6.95,-4.07,167.2
AAPL,25-08-2022,168.78,170.14,168.35,170.03,51218209,1.25,0.74061,169.325
AAPL,24-08-2022,167.32,168.11,166.25,167.53,53841524,0.21,0.12551,167.3025
AAPL,23-08-2022,167.08,168.71,166.65,167.23,54147100,0.15,0.08977735,167.4175
AAPL,22-08-2022,169.69,169.86,167.14,167.57,69026809,-2.12,-1.25,168.565
AAPL,19-08-2022,173.03,173.74,171.31,171.52,70346300,-1.51,-0.87268,172.4
AAPL,18-08-2022,173.75,174.9,173.12,174.15,62290100,0.4,0.23022,173.98
AAPL,17-08-2022,172.77,176.15,172.57,174.55,79542037,1.78,1.03,174.01
AAPL,16-08-2022,172.78,173.71,171.66,173.03,56377100,0.25,0.14469,172.795
AAPL,15-08-2022,171.52,173.39,171.35,173.19,54091700,1.67,0.97365,172.3625
AAPL,12-08-2022,169.82,172.17,169.4,172.1,68039400,2.28,1.34,170.8725
AAPL,11-08-2022,170.06,170.99,168.19,168.49,57149200,-1.57,-0.9232,169.4325
AAPL,10-08-2022,167.68,169.34,166.9,169.24,70170540,1.56,0.93034,168.29
AAPL,09-08-2022,164.02,165.82,163.25,164.92,63135503,0.9,0.54871,164.5025
AAPL,08-08-2022,166.37,167.81,164.2,164.87,60362338,-1.5,-0.9016,165.8125
AAPL,05-08-2022,163.21,165.85,163,165.35,56697000,2.14,1.31,164.3525
AAPL,04-08-2022,166.01,167.19,164.43,165.81,55474144,-0.195,-0.12047,165.86
AAPL,03-08-2022,160.84,166.59,160.75,166.13,82507500,5.29,3.29,163.5775
AAPL,02-08-2022,160.1,162.41,159.63,160.01,59907025,-0.09,-0.05621487,160.5375
AAPL,01-08-2022,161.01,163.59,160.89,161.51,67829400,0.5,0.31054,161.75
AAPL,29-07-2022,161.24,163.63,159.5,162.51,101786900,1.27,0.78765,161.72
AAPL,28-07-2022,156.98,157.64,154.41,157.35,81378731,0.37,0.2357,156.595
AAPL,27-07-2022,152.58,157.33,152.16,156.79,78620700,4.21,2.76,154.715
AAPL,26-07-2022,152.26,153.09,150.8,151.6,55138700,-0.665,-0.43347,151.9375
AAPL,25-07-2022,154.01,155.04,152.28,152.95,53623945,-1.06,-0.68827,153.57
AAPL,22-07-2022,155.39,156.28,153.41,154.09,66675408,-1.3,-0.8366,154.7925
AAPL,21-07-2022,154.5,155.57,151.94,155.35,65086636,0.85,0.55016,154.34
AAPL,20-07-2022,151.12,153.72,150.37,153.04,64823413,1.92,1.27,152.0625
AAPL,19-07-2022,147.92,151.23,146.91,151,82982400,3.08,2.08,149.265
AAPL,18-07-2022,150.74,151.57,146.7,147.07,81420900,-3.67,-2.43,149.02
AAPL,15-07-2022,149.78,150.86,148.2,150.17,76259931,0.39,0.26038,149.7525
AAPL,14-07-2022,144.08,148.95,143.25,148.47,78140744,4.39,3.05,146.1875
AAPL,13-07-2022,142.99,146.45,142.12,145.49,71185600,2.5,1.75,144.2625
AAPL,12-07-2022,145.76,148.45,145.05,145.86,77588800,0.1,0.06860593,146.28
AAPL,11-07-2022,145.67,146.64,143.78,144.87,63305113,-0.8,-0.54919,145.24
AAPL,08-07-2022,145.26,147.55,145,147.04,64547800,1.78,1.23,146.2125
AAPL,07-07-2022,143.29,146.55,143.28,146.35,66253709,3.06,2.14,144.8675
AAPL,06-07-2022,141.35,144.12,141.08,142.92,74064300,1.56,1.11,142.3675
AAPL,05-07-2022,137.77,141.61,136.93,141.56,73429641,3.79,2.75,139.4675
AAPL,01-07-2022,136.04,139.04,135.66,138.93,71051600,2.89,2.12,137.4175
AAPL,30-06-2022,137.25,138.37,133.77,136.72,98964500,-0.53,-0.38616,136.5275
AAPL,29-06-2022,137.46,140.67,136.67,139.23,66242411,1.77,1.29,138.5075
AAPL,28-06-2022,142.13,143.42,137.32,137.44,67315328,-4.69,-3.3,140.0775
AAPL,27-06-2022,142.7,143.49,140.97,141.66,70207908,-1.03,-0.7288,142.205
AAPL,24-06-2022,139.9,141.91,139.77,141.66,89116837,1.76,1.26,140.81
AAPL,23-06-2022,136.82,138.59,135.63,138.27,72433800,1.45,1.06,137.3275
AAPL,22-06-2022,134.79,137.76,133.91,135.35,73409234,0.56,0.41546,135.4525
AAPL,21-06-2022,133.42,137.06,133.32,135.87,81000500,2.45,1.84,134.9175
AAPL,17-06-2022,130.07,133.08,129.81,131.56,134520300,1.5,1.15,131.13
AAPL,16-06-2022,132.08,132.39,129.04,130.06,108123900,-2.02,-1.53,130.8925
AAPL,15-06-2022,134.29,137.34,132.16,135.43,91533000,1.14,0.84891,134.805
AAPL,14-06-2022,133.13,133.89,131.48,132.76,84784326,-0.37,-0.27792,132.815
AAPL,13-06-2022,132.87,135.2,131.44,131.88,122207100,-0.99,-0.74509,132.8475
AAPL,10-06-2022,140.28,140.76,137.06,137.13,91566637,-3.15,-2.25,138.8075
AAPL,09-06-2022,147.08,147.95,142.53,142.64,69473000,-4.44,-3.02,145.05
AAPL,08-06-2022,148.58,149.87,147.46,147.96,53950201,-0.62,-0.41728,148.4675
AAPL,07-06-2022,144.35,149,144.1,148.71,67808200,4.37,3.02,146.54
AAPL,06-06-2022,147.03,148.57,144.9,146.14,71598400,-0.89,-0.60532,146.66
AAPL,03-06-2022,146.9,147.97,144.46,145.38,88570300,-1.52,-1.03,146.1775
AAPL,02-06-2022,147.83,151.27,146.86,151.21,72348100,3.38,2.29,149.2925
AAPL,01-06-2022,149.9,151.74,147.68,148.71,74286635,-1.19,-0.79386,149.5075
AAPL,31-05-2022,149.07,150.66,146.84,148.84,103718416,-0.23,-0.15429,148.8525
AAPL,27-05-2022,145.39,149.68,145.26,149.64,90978503,4.25,2.92,147.4925
AAPL,26-05-2022,137.39,144.34,137.14,143.78,90601548,6.39,4.65,140.6625
AAPL,25-05-2022,138.43,141.79,138.34,140.52,92482700,2.09,1.51,139.77
AAPL,24-05-2022,140.81,141.97,137.33,140.36,104132746,-0.445,-0.31958,140.1175
AAPL,23-05-2022,137.79,143.26,137.65,143.11,117726300,5.32,3.86,140.4525
AAPL,20-05-2022,139.09,140.7,132.61,137.59,137426125,-1.5,-1.08,137.4975
AAPL,19-05-2022,139.88,141.66,136.6,137.35,136095640,-2.53,-1.81,138.8725
AAPL,18-05-2022,146.85,147.36,139.9,140.82,109742900,-6.03,-4.11,143.7325
AAPL,17-05-2022,148.86,149.77,146.68,149.24,78336300,0.38,0.25527,148.6375
AAPL,16-05-2022,145.55,147.52,144.18,145.54,86643800,-0.01,-0.00687049,145.6975
AAPL,13-05-2022,144.59,148.1,143.11,147.11,113990900,2.52,1.74,145.7275
AAPL,12-05-2022,142.77,146.2,138.8,142.56,182602041,-0.21,-0.14709,142.5825
AAPL,11-05-2022,153.5,155.45,145.81,146.5,142689825,-7,-4.56,150.315
AAPL,10-05-2022,155.52,156.74,152.93,154.51,115366736,-1.01,-0.64943,154.925
AAPL,09-05-2022,154.93,155.83,151.49,152.06,131577921,-2.87,-1.85,153.5775
AAPL,06-05-2022,156.01,159.44,154.18,157.28,116124647,1.27,0.81405,156.7275
AAPL,05-05-2022,163.85,164.08,154.95,156.77,130525300,-7.08,-4.32,159.9125
AAPL,04-05-2022,159.67,166.48,159.26,166.02,108256503,6.35,3.98,162.8575
AAPL,03-05-2022,158.15,160.71,156.32,159.48,88966526,1.33,0.84097,158.665
AAPL,02-05-2022,156.71,158.23,153.27,157.96,123055300,1.25,0.79765,156.5425
AAPL,29-04-2022,161.84,166.2,157.25,157.65,131747600,-4.19,-2.59,160.735
AAPL,28-04-2022,159.25,164.52,158.93,163.64,130216800,4.39,2.76,161.585
AAPL,27-04-2022,155.91,159.79,155.38,156.57,88063200,0.66,0.42332,156.9125
AAPL,26-04-2022,162.25,162.34,156.72,156.8,95623240,-5.45,-3.36,159.5275
AAPL,25-04-2022,161.12,163.17,158.46,162.88,96046400,1.76,1.09,161.4075
AAPL,22-04-2022,166.46,167.87,161.5,161.79,84882424,-4.67,-2.81,164.405
AAPL,21-04-2022,168.91,171.53,165.91,166.42,87227800,-2.49,-1.47,168.1925
AAPL,20-04-2022,168.76,168.88,166.1,167.23,67929814,-1.53,-0.90661,167.7425
AAPL,19-04-2022,165.02,167.82,163.91,167.4,67723833,2.38,1.44,166.0375
AAPL,18-04-2022,163.92,166.6,163.57,165.07,69023941,1.15,0.70156,164.79
AAPL,14-04-2022,170.62,171.27,165.04,165.29,75329400,-5.33,-3.12,168.055
AAPL,13-04-2022,167.39,171.04,166.77,170.4,70618925,3.01,1.8,168.9
AAPL,12-04-2022,168.02,169.87,166.64,167.66,79265200,-0.36,-0.21426,168.0475
AAPL,11-04-2022,168.71,169.03,165.5,165.75,72246706,-2.96,-1.75,167.2475
AAPL,08-04-2022,171.78,171.78,169.2,170.09,76575508,-1.69,-0.98382,170.7125
AAPL,07-04-2022,171.16,173.36,169.85,172.14,77594700,0.98,0.57256,171.6275
AAPL,06-04-2022,172.36,173.63,170.13,171.83,89058800,-0.53,-0.3075,171.9875
AAPL,05-04-2022,177.5,178.3,174.42,175.06,73401800,-2.44,-1.37,176.32
AAPL,04-04-2022,174.57,178.49,174.44,178.44,76545983,3.87,2.22,176.485
AAPL,01-04-2022,174.03,174.88,171.94,174.31,78751328,0.28,0.16089,173.79
AAPL,31-03-2022,177.84,178.03,174.4,174.61,103049300,-3.23,-1.82,176.22
AAPL,30-03-2022,178.55,179.61,176.7,177.77,92633200,-0.78,-0.43685,178.1575
AAPL,29-03-2022,176.69,179.01,176.34,178.96,100589440,2.27,1.28,177.75
AAPL,28-03-2022,172.17,175.73,172,175.6,90371916,3.43,1.99,173.875
AAPL,25-03-2022,173.88,175.28,172.75,174.72,80546200,0.84,0.48309,174.1575
AAPL,24-03-2022,171.06,174.14,170.21,174.07,90131418,3.01,1.76,172.37
AAPL,23-03-2022,167.99,172.64,167.65,170.21,98062700,2.22,1.32,169.6225
AAPL,22-03-2022,165.51,169.42,164.91,168.82,81532007,3.31,2,167.165
AAPL,21-03-2022,163.51,166.35,163.01,165.38,95811400,1.87,1.14,164.5625
AAPL,18-03-2022,160.51,164.48,159.76,163.98,123511700,3.47,2.16,162.1825
AAPL,17-03-2022,158.61,161,157.63,160.62,75615400,2.01,1.27,159.465
AAPL,16-03-2022,157.05,160,154.46,159.59,102300200,2.54,1.62,157.775
AAPL,15-03-2022,150.9,155.57,150.38,155.09,92964302,4.19,2.78,152.985
AAPL,14-03-2022,151.45,154.12,150.1,150.62,108732111,-0.83,-0.54804,151.5725
AAPL,11-03-2022,158.93,159.28,154.5,154.73,96970102,-4.2,-2.64,156.86
AAPL,10-03-2022,160.2,160.39,155.98,158.52,105342033,-1.68,-1.05,158.7725
AAPL,09-03-2022,161.48,163.41,159.41,162.95,91454905,1.47,0.91033,161.8125
AAPL,08-03-2022,158.82,162.88,155.8,157.44,131148300,-1.38,-0.86891,158.735
AAPL,07-03-2022,163.36,165.02,159.04,159.3,96418845,-4.06,-2.49,161.68
AAPL,04-03-2022,164.49,165.55,162.1,163.17,83819592,-1.32,-0.80248,163.8275
AAPL,03-03-2022,168.47,168.91,165.55,166.23,76678441,-2.24,-1.33,167.29
AAPL,02-03-2022,164.39,167.36,162.95,166.56,79724800,2.17,1.32,165.315
AAPL,01-03-2022,164.7,166.6,161.97,163.2,83474425,-1.5,-0.91075,164.1175
AAPL,28-02-2022,163.06,165.42,162.43,165.12,95056629,2.06,1.26,164.0075
AAPL,25-02-2022,163.84,165.12,160.87,164.85,91974222,1.01,0.61646,163.67
AAPL,24-02-2022,152.58,162.85,152,162.74,141147540,10.16,6.66,157.5425
AAPL,23-02-2022,165.54,166.15,159.75,160.07,90009247,-5.47,-3.3,162.8775
AAPL,22-02-2022,164.98,166.69,162.15,164.32,91162800,-0.66,-0.40005,164.535
AAPL,18-02-2022,169.82,170.54,166.19,167.3,82772700,-2.52,-1.48,168.4625
AAPL,17-02-2022,171.03,171.91,168.47,168.88,69589344,-2.15,-1.26,170.0725
AAPL,16-02-2022,171.85,173.34,170.05,172.55,61177400,0.7,0.40733,171.9475
AAPL,15-02-2022,170.97,172.95,170.25,172.79,64286320,1.82,1.06,171.74
AAPL,14-02-2022,167.37,169.58,166.56,168.88,86185530,1.51,0.90219,168.0975
AAPL,11-02-2022,172.33,173.08,168.04,168.64,98670700,-3.69,-2.14,170.5225
AAPL,10-02-2022,174.14,175.48,171.55,172.12,90865900,-2.02,-1.16,173.3225
AAPL,09-02-2022,176.05,176.65,174.9,176.28,71285038,0.23,0.13064,175.97
AAPL,08-02-2022,171.73,175.35,171.43,174.83,74829217,3.1,1.81,173.335
AAPL,07-02-2022,172.86,173.95,170.95,171.66,77251204,-1.2,-0.6942,172.355
AAPL,04-02-2022,171.68,174.1,170.68,172.39,82465400,0.71,0.41356,172.2125
AAPL,03-02-2022,174.48,176.24,172.12,172.9,89418100,-1.58,-0.90555,173.935
AAPL,02-02-2022,174.75,175.88,173.33,175.84,84914300,1.09,0.62375,174.95
AAPL,01-02-2022,174.01,174.84,172.31,174.61,86213911,0.6,0.34481,173.9425
AAPL,31-01-2022,170.16,175,169.51,174.78,115541600,4.62,2.72,172.3625
AAPL,28-01-2022,165.71,170.35,162.8,170.33,179935700,4.62,2.79,167.2975
AAPL,27-01-2022,162.45,163.84,158.28,159.22,121954638,-3.23,-1.99,160.9475
AAPL,26-01-2022,163.5,164.39,157.82,159.69,108275308,-3.81,-2.33,161.35
AAPL,25-01-2022,158.98,162.76,157.02,159.78,115798400,0.8,0.50321,159.635
AAPL,24-01-2022,160.02,162.3,154.7,161.62,162706686,1.6,0.99988,159.66
AAPL,21-01-2022,164.42,166.33,162.3,162.41,122848900,-2,-1.22,163.865
AAPL,20-01-2022,166.98,169.68,164.18,164.51,91420515,-2.47,-1.48,166.3375
AAPL,19-01-2022,170,171.08,165.94,166.23,94815000,-3.77,-2.22,168.3125
AAPL,18-01-2022,171.51,172.54,169.41,169.8,91168729,-1.71,-0.99703,170.815
AAPL,14-01-2022,171.34,173.78,171.09,173.07,80440800,1.73,1.01,172.32
AAPL,13-01-2022,175.78,176.62,171.79,172.19,84505800,-3.59,-2.04,174.095
AAPL,12-01-2022,176.12,177.18,174.82,175.53,74805200,-0.59,-0.335,175.9125
AAPL,11-01-2022,172.32,175.18,170.82,175.08,76138312,2.76,1.6,173.35
AAPL,10-01-2022,169.08,172.5,168.17,172.19,106765600,3.11,1.84,170.485
AAPL,07-01-2022,172.89,174.14,171.03,172.17,86709147,-0.72,-0.41645,172.5575
AAPL,06-01-2022,172.7,175.3,171.64,172,96904000,-0.7,-0.40533,172.91
AAPL,05-01-2022,179.61,180.17,174.64,174.92,94537602,-4.69,-2.61,177.335
AAPL,04-01-2022,182.63,182.94,179.12,179.7,99310438,-2.93,-1.6,181.0975
AAPL,03-01-2022,177.83,182.88,177.71,182.01,104701220,4.18,2.35,180.1075
AAPL,31-12-2021,178.09,179.23,177.26,177.57,64062300,-0.515,-0.29199,178.0375
AAPL,30-12-2021,179.47,180.57,178.09,178.2,59773014,-1.27,-0.70764,179.0825
AAPL,29-12-2021,179.33,180.63,178.14,179.38,62348931,0.05,0.02788156,179.37
AAPL,28-12-2021,180.16,181.33,178.53,179.29,79144339,-0.87,-0.4829,179.8275
AAPL,27-12-2021,177.09,180.42,177.07,180.33,74919600,3.25,1.83,178.7275
AAPL,23-12-2021,175.85,176.85,175.27,176.28,68356600,0.43,0.24453,176.0625
AAPL,22-12-2021,173.04,175.86,172.15,175.64,92135303,2.6,1.5,174.1725
AAPL,21-12-2021,171.56,173.2,169.12,172.99,91185905,1.44,0.83353,171.7175
AAPL,20-12-2021,168.28,170.58,167.46,169.75,107499114,1.47,0.87354,169.0175
AAPL,17-12-2021,169.93,173.47,169.69,171.14,195923441,1.21,0.71206,171.0575
AAPL,16-12-2021,179.28,181.14,170.75,172.26,150185843,-7.02,-3.92,175.8575
AAPL,15-12-2021,175.11,179.5,172.31,179.3,131063300,4.19,2.39,176.555
AAPL,14-12-2021,175.25,177.74,172.21,174.33,139380400,-0.92,-0.52496,174.8825
AAPL,13-12-2021,181.12,182.13,175.53,175.74,153237019,-5.37,-2.97,178.63
AAPL,10-12-2021,175.21,179.63,174.69,179.45,115402731,4.24,2.42,177.245
AAPL,09-12-2021,174.91,176.75,173.92,174.56,108923739,-0.35,-0.2001,175.035
AAPL,08-12-2021,172.13,175.96,170.7,175.08,116998901,2.96,1.71,173.4675
AAPL,07-12-2021,169.08,171.58,168.34,171.18,120405400,2.1,1.24,170.045
AAPL,06-12-2021,164.29,167.88,164.28,165.32,107497000,1.03,0.62694,165.4425
AAPL,03-12-2021,164.02,164.96,159.72,161.84,118023116,-2.18,-1.33,162.635
AAPL,02-12-2021,158.74,164.2,157.8,163.76,136739200,5.02,3.16,161.125
AAPL,01-12-2021,167.48,170.3,164.53,164.77,152423003,-2.71,-1.62,166.77
AAPL,30-11-2021,159.99,165.52,159.92,165.3,174048100,5.31,3.32,162.6825
AAPL,29-11-2021,159.37,161.19,158.79,160.24,88748217,0.87,0.5459,159.8975
AAPL,26-11-2021,159.57,160.45,156.36,156.81,76959800,-2.75,-1.73,158.2975
AAPL,24-11-2021,160.75,162.14,159.64,161.94,69463623,1.19,0.74028,161.1175
AAPL,23-11-2021,161.12,161.8,159.06,161.41,96041900,0.29,0.17999,160.8475
AAPL,22-11-2021,161.68,165.7,161,161.02,117467900,-0.66,-0.40821,162.35
AAPL,19-11-2021,157.65,161.02,156.53,160.55,117305600,2.9,1.84,158.9375
AAPL,18-11-2021,153.71,158.67,153.05,157.87,137827700,4.16,2.71,155.825
AAPL,17-11-2021,151,155,150.99,153.49,88807000,2.5,1.65,152.62
AAPL,16-11-2021,149.94,151.49,149.34,151,59256210,1.06,0.70695,150.4425
AAPL,15-11-2021,150.37,151.88,149.43,150,59222803,-0.37,-0.24606,150.42
AAPL,12-11-2021,148.43,150.4,147.48,149.99,63804008,1.56,1.05,149.075
AAPL,11-11-2021,148.96,149.43,147.68,147.87,41000000,-1.09,-0.73174,148.485
AAPL,10-11-2021,150.02,150.13,147.85,147.92,65187100,-2.1,-1.4,148.98
AAPL,09-11-2021,150.2,151.43,150.06,150.81,56787930,0.61,0.40613,150.625
AAPL,08-11-2021,151.41,151.57,150.16,150.44,55020900,-0.97,-0.64064,150.895
AAPL,05-11-2021,151.89,152.2,150.06,151.28,65463900,-0.61,-0.40161,151.3575
AAPL,04-11-2021,151.58,152.43,150.64,150.96,60394616,-0.62,-0.40902,151.4025
AAPL,03-11-2021,150.39,151.97,149.82,151.49,54511534,1.1,0.73143,150.9175
AAPL,02-11-2021,148.66,151.57,148.65,150.02,69122000,1.36,0.91484,149.725
AAPL,01-11-2021,148.99,149.7,147.8,148.96,74588300,-0.025,-0.02013558,148.8625
AAPL,29-10-2021,147.22,149.94,146.41,149.8,124953200,2.59,1.75,148.3425
AAPL,28-10-2021,149.82,153.17,149.72,152.57,100077900,2.75,1.84,151.32
AAPL,27-10-2021,149.36,149.73,148.49,148.85,56094929,-0.51,-0.34146,149.1075
AAPL,26-10-2021,149.33,150.84,149.01,149.32,60893400,-0.01,-0.00669658,149.625
AAPL,25-10-2021,148.68,149.37,147.62,148.64,50720600,-0.04,-0.02690342,148.5775
AAPL,22-10-2021,149.69,150.18,148.64,148.69,58883443,-1,-0.66805,149.3
AAPL,21-10-2021,148.81,149.64,147.87,149.48,61421000,0.67,0.45024,148.95
AAPL,20-10-2021,148.7,149.75,148.12,149.26,58418800,0.56,0.3766,148.9575
AAPL,19-10-2021,147.01,149.17,146.55,148.76,76378900,1.75,1.19,147.8725
AAPL,18-10-2021,143.45,146.84,143.16,146.55,85589200,3.11,2.16,145
AAPL,15-10-2021,143.77,144.9,143.51,144.84,67940334,1.07,0.74424,144.255
AAPL,14-10-2021,142.11,143.88,141.51,143.76,69907100,1.65,1.16,142.815
AAPL,13-10-2021,141.24,141.4,139.2,140.91,78762721,-0.325,-0.23364,140.6875
AAPL,12-10-2021,143.23,143.25,141.04,141.51,73035900,-1.72,-1.2,142.2575
AAPL,11-10-2021,142.27,144.81,141.81,142.81,64452219,0.54,0.37956,142.925
AAPL,08-10-2021,144.03,144.18,142.56,142.9,58773200,-1.13,-0.78456,143.4175
AAPL,07-10-2021,143.06,144.22,142.72,143.29,61732700,0.23,0.16077,143.3225
AAPL,06-10-2021,139.47,142.15,138.37,142,83221119,2.53,1.81,140.4975
AAPL,05-10-2021,139.49,142.24,139.36,141.11,80861100,1.62,1.16,140.55
AAPL,04-10-2021,141.76,142.21,138.27,139.14,98322008,-2.62,-1.85,140.345
AAPL,01-10-2021,141.9,142.92,139.11,142.65,94639600,0.75,0.52854,141.645
AAPL,30-09-2021,143.66,144.38,141.28,141.5,89056700,-2.16,-1.5,142.705
AAPL,29-09-2021,142.47,144.45,142.03,142.83,74602044,0.36,0.25268,142.945
AAPL,28-09-2021,143.25,144.75,141.69,141.91,108972340,-1.34,-0.93543,142.9
AAPL,27-09-2021,145.47,145.96,143.82,145.37,74150729,-0.1,-0.0687427,145.155
AAPL,24-09-2021,145.66,147.47,145.56,146.92,53477900,1.26,0.86503,146.4025
AAPL,23-09-2021,146.65,147.08,145.64,146.83,64838200,0.18,0.12274,146.55
AAPL,22-09-2021,144.45,146.43,143.7,145.85,76404341,1.4,0.96919,145.1075
AAPL,21-09-2021,143.93,144.6,142.78,143.43,75834000,-0.5,-0.34739,143.685
AAPL,20-09-2021,143.8,144.84,141.27,142.94,123478900,-0.86,-0.59805,143.2125
AAPL,17-09-2021,148.82,148.82,145.76,146.06,129868824,-2.76,-1.85,147.365
AAPL,16-09-2021,148.44,148.97,147.22,148.79,68034149,0.35,0.23579,148.355
AAPL,15-09-2021,148.56,149.44,146.37,149.03,83281315,0.47,0.31637,148.35
AAPL,14-09-2021,150.35,151.07,146.91,148.12,109296300,-2.23,-1.48,149.1125
AAPL,13-09-2021,150.63,151.42,148.75,149.55,102404329,-1.08,-0.71699,150.0875
AAPL,10-09-2021,155,155.48,148.7,148.97,140893235,-6.03,-3.89,152.0375
AAPL,09-09-2021,155.49,156.11,153.95,154.07,57305730,-1.42,-0.91324,154.905
AAPL,08-09-2021,156.98,157.04,153.98,155.11,74420207,-1.87,-1.19,155.7775
AAPL,07-09-2021,154.97,157.26,154.39,156.69,82278300,1.72,1.11,155.8275
AAPL,03-09-2021,153.76,154.63,153.09,154.3,57866066,0.54,0.3512,153.945
AAPL,02-09-2021,153.87,154.72,152.4,153.65,71171317,-0.22,-0.14298,153.66
AAPL,01-09-2021,152.83,154.98,152.34,152.51,80313711,-0.32,-0.20938,153.165
AAPL,31-08-2021,152.66,152.8,151.29,151.83,86453117,-0.83,-0.54369,152.145
AAPL,30-08-2021,149,153.49,148.61,153.12,90956723,4.12,2.77,151.055
AAPL,27-08-2021,147.48,148.75,146.83,148.6,55802400,1.12,0.75943,147.915
AAPL,26-08-2021,148.35,149.12,147.51,147.54,48597200,-0.81,-0.54601,148.13
AAPL,25-08-2021,149.81,150.32,147.8,148.36,58991300,-1.45,-0.96789,149.0725
