symbol,date,epsActual,epsEstimated,revenueActual,revenueEstimated,lastUpdated
AAPL,2026-10-29,,1.98,,113205200000.0,2026-08-24
AAPL,2026-07-30,2.02,1.89,109417000000.0,109038900000.0,2026-08-24
AAPL,2026-04-30,2.01,1.95,111184000000.0,109457600000.0,2026-07-29
AAPL,2026-01-29,2.85,2.67,143756000000.0,138391000000.0,2026-06-04
AAPL,2025-10-30,1.85,1.73,102466000000.0,102227100000.0,2026-06-04
AAPL,2025-07-31,1.57,1.44,94036000000.0,89562740000.0,2026-06-04
AAPL,2025-05-01,1.65,1.63,95359000000.0,94542180000.0,2026-06-04
AAPL,2025-01-30,2.4,2.36,124300000000.0,124257400000.0,2026-06-04
AAPL,2024-10-31,1.64,1.6,94930000000.0,94511950000.0,2026-06-04
AAPL,2024-08-01,1.4,1.34,85777000000.0,84480710000.0,2026-06-04
AAPL,2024-05-02,1.53,1.51,90753000000.0,90366110000.0,2026-06-04
AAPL,2024-02-01,2.18,2.1,119575000000.0,117986600000.0,2026-06-04
AAPL,2023-11-02,1.46,1.39,89498000000.0,89303800000.0,2026-06-04
AAPL,2023-08-03,1.26,1.19,81797000000.0,81794920000.0,2026-06-04
AAPL,2023-05-04,1.52,1.44,94836000000.0,92906050000.0,2026-06-04
AAPL,2023-02-02,1.88,1.93,117154000000.0,121333300000.0,2026-06-04
AAPL,2022-10-27,1.29,1.27,90146000000.0,88739280000.0,2026-06-04
AAPL,2022-07-28,1.2,1.14,82959000000.0,82791240000.0,2026-06-04
AAPL,2022-04-28,1.52,1.43,97278000000.0,94033800000.0,2026-06-04
AAPL,2022-01-27,2.1,1.89,123945000000.0,119002500000.0,2026-06-04
AAPL,2021-10-28,1.24,1.24,83360000000.0,117986000000.0,2026-06-04
AAPL,2021-07-27,1.3,1.0,81434000000.0,84581900000.0,2026-06-04
AAPL,2021-04-28,1.4,1.0,89584000000.0,76920700000.0,2026-06-04
AAPL,2021-01-27,1.68,1.41,111439000000.0,90099620000.0,2026-06-04
AAPL,2020-10-29,0.73,0.69,64698000000.0,63802400000.0,2026-06-04
AAPL,2020-07-30,0.64,0.51,59685000000.0,46829770000.0,2026-06-04
AAPL,2020-04-30,0.64,0.52,58313000000.0,51023880000.0,2026-06-04
AAPL,2020-01-28,1.25,1.13,91819000000.0,83738930000.0,2026-06-04
AAPL,2019-10-30,0.76,0.71,64040000000.0,63014690000.0,2026-06-04
AAPL,2019-07-30,0.55,0.52,53809000000.0,53316080000.0,2026-06-04
AAPL,2019-04-30,0.62,0.59,58015000000.0,57510000000.0,2026-06-04
AAPL,2019-01-29,1.04,1.04,84310000000.0,83507050000.0,2026-06-04
AAPL,2018-11-01,0.73,0.7,62900000000.0,60315070000.0,2026-06-04
AAPL,2018-07-31,0.58,0.54,53265000000.0,49622950000.0,2026-06-04
AAPL,2018-05-01,0.68,0.67,61137000000.0,59793330000.0,2026-06-04
AAPL,2018-02-01,0.97,0.95,88293000000.0,87612080000.0,2026-06-04
AAPL,2017-11-02,0.52,0.47,52579000000.0,47498900000.0,2026-06-04
AAPL,2017-08-01,0.42,0.39,45408000000.0,42688960000.0,2026-06-04
AAPL,2017-05-02,0.52,0.5,52896000000.0,50880910000.0,2026-06-04
AAPL,2017-01-31,0.84,0.81,78351000000.0,74853190000.0,2026-06-04
AAPL,2016-10-25,0.42,0.41,46852000000.0,46571450000.0,2026-06-04
AAPL,2016-07-26,0.35,0.35,42358000000.0,41164820000.0,2026-06-04
AAPL,2016-04-26,0.47,0.49,50557000000.0,53217890000.0,2026-06-04
AAPL,2016-01-26,0.82,0.81,75872000000.0,74715410000.0,2026-06-04
AAPL,2015-10-27,0.49,0.47,51501000000.0,49398920000.0,2026-06-04
AAPL,2015-07-21,0.46,0.45,49605000000.0,48532460000.0,2026-06-04
AAPL,2015-04-27,0.58,0.54,58010000000.0,53777510000.0,2026-06-04
AAPL,2015-01-27,0.76,0.65,74599000000.0,63384770000.0,2026-06-04
AAPL,2014-10-20,0.35,0.32,42123000000.0,38859950000.0,2026-06-04
AAPL,2014-07-22,0.32,0.31,37432000000.0,35969810000.0,2026-06-04
AAPL,2014-04-23,0.41,0.36,45646000000.0,40146480000.0,2026-06-04
AAPL,2014-01-27,0.52,0.5,57594000000.0,55924610000.0,2026-06-04
AAPL,2013-10-28,0.3,0.28,37472000000.0,36201760000.0,2026-06-04
AAPL,2013-07-23,0.27,0.26,35323000000.0,34662760000.0,2026-06-04
AAPL,2013-04-23,0.36,0.36,43603000000.0,43300200000.0,2026-06-04
AAPL,2013-01-23,0.49,0.48,54512000000.0,53128450000.0,2026-06-04
AAPL,2012-10-25,0.31,0.32,37472000000.0,36256050000.0,2026-06-04
AAPL,2012-07-24,0.33,0.37,35023000000.0,38972960000.0,2026-06-04
AAPL,2012-04-24,0.44,0.36,39186000000.0,31838630000.0,2026-06-04
AAPL,2012-01-24,0.5,0.36,46333000000.0,33930730000.0,2026-06-04
AAPL,2011-10-18,0.25,0.26,28270000000.0,29669500000.0,2026-06-04
AAPL,2011-07-19,0.28,0.21,28571000000.0,21363900000.0,2026-06-04
AAPL,2011-04-20,0.23,0.19,24667000000.0,20872080000.0,2026-06-04
AAPL,2011-01-18,0.23,0.19,26741000000.0,22381050000.0,2026-06-04
AAPL,2010-10-18,0.17,0.15,20343000000.0,17877180000.0,2026-06-04
AAPL,2010-07-20,0.13,0.11,15700000000.0,13816000000.0,2026-06-04
AAPL,2010-04-20,0.12,0.09,13499000000.0,9843021000.0,2026-06-04
AAPL,2010-01-25,0.13,0.07,15683000000.0,15526170000.0,2026-06-04
AAPL,2009-10-19,0.11,0.05,9870000000.0,9390000000.0,2026-06-04
AAPL,2009-07-21,0.05,0.04,9734000000.0,8709368000.0,2026-06-04
AAPL,2009-04-22,0.05,0.04,9084000000.0,7649684000.0,2026-06-04
AAPL,2009-01-21,0.06,0.05,11880000000.0,9504000000.0,2026-06-04
AAPL,2008-10-21,0.05,0.04,7895000000.0,10240000000.0,2026-06-04
AAPL,2008-07-21,0.04,0.04,7464000000.0,6671471000.0,2026-06-04
AAPL,2008-04-23,0.04,0.04,7512000000.0,7041176000.0,2026-06-04
AAPL,2008-01-22,0.06,0.06,9608000000.0,9595600000.0,2026-06-04
AAPL,2007-10-22,0.04,0.03,6217000000.0,5662286000.0,2026-06-04
AAPL,2007-07-25,0.03,0.03,5410000000.0,4161538000.0,2026-06-04
AAPL,2007-04-25,0.03,0.02,5264000000.0,3948000000.0,2026-06-04
AAPL,2007-01-17,0.04,0.03,7115000000.0,4897063000.0,2026-06-04
AAPL,2006-10-18,0.02,0.02,4837000000.0,7307325000.0,2026-06-04
AAPL,2006-07-19,0.02,0.02,4370000000.0,7307325000.0,2026-06-04
AAPL,2006-04-19,0.02,0.02,4359000000.0,3736286000.0,2026-06-04
AAPL,2006-01-18,0.02,0.02,5749000000.0,5749000000.0,2026-06-04
AAPL,2005-10-11,0.0187,0.02,3678000000.0,5749000000.0,2026-06-04
AAPL,2005-07-13,0.014,0.01,3520000000.0,2816000000.0,2026-06-04
AAPL,2005-04-13,0.0128,0.0075,3243000000.0,2675475000.0,2026-06-04
AAPL,2005-01-12,0.0134,0.0075,3490000000.0,2879250000.0,2026-06-04
AAPL,2004-10-13,0.0049,0.01,2350000000.0,2879250000.0,2026-06-04
AAPL,2004-07-14,0.0029,0.0025,2014000000.0,2014000000.0,2026-06-04
AAPL,2004-04-14,0.0022,0.0025,1909000000.0,1909000000.0,2026-06-04
AAPL,2004-01-14,0.0031,0.0025,2006000000.0,2006000000.0,2026-06-04
AAPL,2003-12-19,0.0022,,1715000000.0,2006000000.0,2026-06-04
AAPL,2003-10-15,0.0009,,1545000000.0,,2026-06-04
AAPL,2003-04-16,0.0007,,1475000000.0,,2026-06-04
AAPL,2003-01-15,-0.0004,,1472000000.0,,2026-06-04
AAPL,2002-12-19,-0.0022,,1443000000.0,,2026-06-04
AAPL,2002-10-16,0.0016,0.0025,1429000000.0,1429000000.0,2026-06-04
AAPL,2002-05-14,0.002,,1495000000.0,1429000000.0,2026-06-04
AAPL,2002-01-16,0.0019,0.0025,1375000000.0,1375000000.0,2026-06-04
AAPL,2001-12-21,0.0034,,1450000000.0,1375000000.0,2026-06-04
AAPL,2001-08-13,0.0031,,1475000000.0,,2026-06-04
AAPL,2001-04-18,0.0022,,1431000000.0,,2026-06-04
AAPL,2001-02-12,-0.0104,,1007000000.0,,2026-06-04
AAPL,2000-10-18,0.0093,,1870000000.0,,2026-06-04
AAPL,2000-07-18,0.011,0.0075,1825000000.0,1825000000.0,2026-06-04
AAPL,2000-04-19,0.0128,0.0075,1945000000.0,1945000000.0,2026-06-04
AAPL,2000-01-19,0.0101,0.0075,2343000000.0,,2026-06-04
AAPL,1999-12-22,0.0061,,1336000000.0,,2026-06-04
AAPL,1999-10-13,0.0126,0.005,1558000000.0,1558000000.0,2026-06-04
AAPL,1999-04-14,0.0088,0.005,1530000000.0,1530000000.0,2026-06-04
AAPL,1999-01-13,0.01,0.005,1710000000.0,2500875000.0,2026-06-04
AAPL,1998-12-23,0.0071,,1556000000.0,2500875000.0,2026-06-04
AAPL,1998-10-14,0.0068,0.005,1402000000.0,2450700000.0,2026-06-04
AAPL,1998-04-15,0.0037,0.0025,1405000000.0,1405000000.0,2026-06-04
AAPL,1998-01-14,0.0033,0.0025,1578000000.0,1578000000.0,2026-06-04
AAPL,1997-12-05,-0.0111,,1614000000.0,1578000000.0,2026-06-04
AAPL,1997-07-16,-0.0039,-0.005,1737000000.0,1737000000.0,2026-06-04
AAPL,1997-04-16,-0.0504,-0.01,1601000000.0,1280800000.0,2026-06-04
AAPL,1997-01-15,-0.01,-0.01,2129000000.0,1419333000.0,2026-06-04
AAPL,1996-12-19,0.0018,,2321000000.0,1419333000.0,2026-06-04
AAPL,1996-10-16,-0.0023,-0.0025,2179000000.0,4386690000.0,2026-06-04
AAPL,1996-04-17,-0.02,-0.0125,2185000000.0,1560714000.0,2026-06-04
AAPL,1996-01-17,-0.005,-0.0025,3148000000.0,1574000000.0,2026-06-04
AAPL,1995-10-18,0.0042,,3003000000.0,1574000000.0,2026-06-04
AAPL,1995-07-20,0.0075,0.0075,2575000000.0,2575000000.0,2026-06-04
AAPL,1995-04-20,0.0053,0.01,2652000000.0,2575000000.0,2026-06-04
AAPL,1995-01-19,0.0138,,2832000000.0,,2026-06-04
AAPL,1994-12-13,0.0085,,2493286000.0,,2026-06-04
AAPL,1994-10-17,0.0104,,2149908000.0,,2026-06-04
AAPL,1994-04-21,0.0013,,2077000000.0,,2026-06-04
AAPL,1994-01-21,0.0031,,2469000000.0,,2026-06-04
AAPL,1993-10-15,0.00021,,2140800000.0,,2026-06-04
AAPL,1993-07-16,-0.0145,,1861979000.0,,2026-06-04
AAPL,1993-04-20,0.0082,,1973900000.0,,2026-06-04
AAPL,1993-01-16,0.0119,,2000292000.0,,2026-06-04
AAPL,1992-09-30,0.00717,,1767700000.0,,2026-03-23
AAPL,1992-06-30,0.00964,,1740200000.0,,2026-03-23
AAPL,1992-03-31,0.00982,,1716000000.0,,2026-03-23
AAPL,1991-12-31,0.01214,,1862600000.0,,2026-03-23
AAPL,1991-09-30,0.00589,,1507000000.0,,2026-03-23
AAPL,1991-06-30,-0.00393,,1528600000.0,,2026-03-23
AAPL,1991-03-31,0.00964,,1597700000.0,,2026-03-23
AAPL,1990-12-31,0.01143,,1675500000.0,,2026-03-23
AAPL,1990-09-30,0.00727,,1354100000.0,,2026-03-23
AAPL,1990-06-30,0.00857,,1364800000.0,,2026-03-23
AAPL,1990-03-31,0.00929,,1346200000.0,,2026-03-23
AAPL,1989-12-31,0.00857,,1493400000.0,,2026-03-23
AAPL,1989-09-30,0.01138,,1383700000.0,,2026-03-23
AAPL,1989-06-30,0.00692,,1248200000.0,,2026-03-23
AAPL,1989-03-31,0.00394,,1246900000.0,,2026-03-23
AAPL,1988-12-31,0.00984,,1405100000.0,,2026-03-23
AAPL,1988-09-30,0.00785,,1168700000.0,,2026-03-23
AAPL,1988-06-30,0.00624,,993100000.0,,2026-03-23
AAPL,1988-03-31,0.00571,,867200000.0,,2026-03-23
AAPL,1987-12-31,0.00863,,1042400000.0,,2026-03-23
AAPL,1987-09-30,0.00508,,786500000.0,,2026-03-23
AAPL,1987-06-30,0.00381,,637100000.0,,2026-03-23
AAPL,1987-03-31,0.00242,,575300000.0,,2026-03-23
AAPL,1986-12-31,0.0041,,662300000.0,,2026-03-23
AAPL,1986-09-30,0.00235,,510800000.0,,2026-03-23
AAPL,1986-06-30,0.00227,,448300000.0,,2026-03-23
AAPL,1986-03-31,0.00227,,408900000.0,,2026-03-23
AAPL,1985-12-31,0.00411,,533900000.0,,2026-03-23
AAPL,1985-09-30,0.00161,,409700000.0,,2026-03-23
